click_date,mda_idx,total_conv,extreme_cnt,fraud_loss
2025-07-26,12,2291,88,11190
2025-07-26,14,139,6,900
2025-07-26,18,1,0,0
2025-07-26,22,2258,96,59880
2025-07-26,54,74,4,600
2025-07-26,56,14,0,0
2025-07-26,58,2624,2415,427640
2025-07-26,246,41,0,0
2025-07-26,270,315,37,968
2025-07-26,281,3,0,0
2025-07-26,290,1,0,0
2025-07-26,291,2,0,0
2025-07-26,294,41,41,21670
2025-07-26,303,80,0,0
2025-07-26,324,122,0,0
2025-07-26,337,9,0,0
2025-07-26,340,201,0,0
2025-07-26,341,144,0,0
2025-07-26,342,615,7,1600
2025-07-26,343,682,0,0
2025-07-26,344,185,0,0
2025-07-26,356,5,0,0
2025-07-26,371,728,475,4989
2025-07-26,375,3,0,0
2025-07-26,384,441,293,49810
2025-07-26,385,1,0,0
2025-07-26,397,17,0,0
2025-07-26,398,82,4,600
2025-07-26,458,48,12,2040
2025-07-26,482,4,0,0
2025-07-26,492,9,9,91
2025-07-26,496,822,6,855
2025-07-26,539,178,67,10720
2025-07-26,540,12,0,0
2025-07-26,562,441,441,15226
2025-07-26,563,16382,16382,418889
2025-07-26,564,2,0,0
2025-07-26,578,113,0,0
2025-07-26,579,152,0,0
2025-07-26,582,52,0,0
2025-07-26,583,23,0,0
2025-07-26,621,38,0,0
2025-07-26,634,142,139,1625
2025-07-26,637,134,0,0
2025-07-26,638,31,0,0
2025-07-26,639,42,0,0
2025-07-26,643,8,1,120
2025-07-26,645,22,0,0
2025-07-26,646,26,0,0
2025-07-26,654,2,0,0
2025-07-26,655,1,0,0
2025-07-26,667,82,6,720
2025-07-26,674,80,0,0
2025-07-26,675,57,0,0
2025-07-26,676,23,0,0
2025-07-26,677,18,0,0
2025-07-26,678,12,0,0
2025-07-26,682,20,0,0
2025-07-26,683,63,0,0
2025-07-26,684,11,0,0
2025-07-26,685,5,0,0
2025-07-26,687,42,0,0
2025-07-26,688,97,0,0
2025-07-26,700,100,0,0
2025-07-26,701,92,0,0
2025-07-26,702,136,0,0
2025-07-26,703,103,0,0
2025-07-26,714,1,0,0
2025-07-26,725,12,0,0
2025-07-26,739,152,0,0
2025-07-26,740,59,0,0
2025-07-26,756,4,0,0
2025-07-26,757,3,0,0
2025-07-26,758,15,0,0
2025-07-26,760,17,0,0
2025-07-26,761,446,446,54290
2025-07-26,790,31,0,0
2025-07-26,794,97,0,0
2025-07-26,795,91,0,0
2025-07-26,796,11,0,0
2025-07-26,797,10,0,0
2025-07-26,798,48,0,0
2025-07-26,799,45,0,0
2025-07-26,801,180,0,0
2025-07-26,804,49,0,0
2025-07-26,805,24,0,0
2025-07-26,806,86,0,0
2025-07-26,807,39,0,0
2025-07-26,808,40,0,0
2025-07-26,812,16,0,0
2025-07-26,817,6,0,0
2025-07-26,824,135,0,0
2025-07-26,845,129,0,0
2025-07-26,850,218,0,0
2025-07-26,851,193,0,0
2025-07-26,854,2,0,0
2025-07-26,980,563,8,3700
2025-07-26,990,86,0,0
2025-07-26,994,1,0,0
2025-07-26,997,55,0,0
2025-07-26,1010,48,0,0
2025-07-26,1012,40,0,0
2025-07-26,1013,57,0,0
2025-07-26,1014,13,0,0
2025-07-26,1015,10,0,0
2025-07-26,1016,19,0,0
2025-07-26,1019,1,0,0
2025-07-26,1020,302,0,0
2025-07-26,1021,82,0,0
2025-07-26,1022,124,0,0
2025-07-26,1025,22,0,0
2025-07-26,1026,9,0,0
2025-07-26,1027,17,0,0
2025-07-26,1029,3,0,0
2025-07-26,1030,3,0,0
2025-07-26,1031,6,0,0
2025-07-26,1032,6,0,0
2025-07-26,1036,2,0,0
2025-07-26,1037,1,0,0
2025-07-26,1045,43,0,0
2025-07-26,1046,78,0,0
2025-07-26,1047,136,0,0
2025-07-26,1048,34,0,0
2025-07-27,12,2218,39,5520
2025-07-27,14,144,7,1110
2025-07-27,18,4,0,0
2025-07-27,22,2486,93,32870
2025-07-27,30,1,0,0
2025-07-27,54,64,4,600
2025-07-27,56,13,0,0
2025-07-27,58,2484,2002,349400
2025-07-27,246,17,0,0
2025-07-27,270,433,127,11587
2025-07-27,281,11,0,0
2025-07-27,291,31,1,12
2025-07-27,294,27,27,11570
2025-07-27,303,343,0,0
2025-07-27,324,216,0,0
2025-07-27,337,3,0,0
2025-07-27,340,307,0,0
2025-07-27,341,209,0,0
2025-07-27,342,713,10,2400
2025-07-27,343,602,0,0
2025-07-27,344,204,0,0
2025-07-27,356,2,0,0
2025-07-27,371,878,629,6554
2025-07-27,375,1,0,0
2025-07-27,384,342,248,42160
2025-07-27,385,3,1,800
2025-07-27,389,4,0,0
2025-07-27,397,19,0,0
2025-07-27,398,135,9,1470
2025-07-27,458,32,8,1440
2025-07-27,482,3,0,0
2025-07-27,492,10,10,126
2025-07-27,496,740,7,900
2025-07-27,539,188,69,11040
2025-07-27,540,6,0,0
2025-07-27,562,256,256,15978
2025-07-27,563,15161,15161,386501
2025-07-27,564,1,0,0
2025-07-27,568,1,0,0
2025-07-27,578,125,0,0
2025-07-27,579,165,0,0
2025-07-27,582,144,0,0
2025-07-27,583,13,0,0
2025-07-27,621,76,0,0
2025-07-27,634,148,136,1583
2025-07-27,637,177,0,0
2025-07-27,638,48,0,0
2025-07-27,639,42,0,0
2025-07-27,643,3,0,0
2025-07-27,645,16,0,0
2025-07-27,646,21,0,0
2025-07-27,655,2,0,0
2025-07-27,667,79,2,240
2025-07-27,674,76,0,0
2025-07-27,675,55,0,0
2025-07-27,676,13,0,0
2025-07-27,677,12,0,0
2025-07-27,678,3,0,0
2025-07-27,682,40,0,0
2025-07-27,683,75,0,0
2025-07-27,684,20,0,0
2025-07-27,685,9,0,0
2025-07-27,687,61,0,0
2025-07-27,688,115,0,0
2025-07-27,700,82,0,0
2025-07-27,701,145,0,0
2025-07-27,702,121,0,0
2025-07-27,703,92,0,0
2025-07-27,714,1,0,0
2025-07-27,725,10,0,0
2025-07-27,739,186,0,0
2025-07-27,740,73,0,0
2025-07-27,756,7,0,0
2025-07-27,757,1,0,0
2025-07-27,758,10,0,0
2025-07-27,760,13,0,0
2025-07-27,761,457,457,44400
2025-07-27,790,26,1,120
2025-07-27,794,158,0,0
2025-07-27,795,194,0,0
2025-07-27,796,12,0,0
2025-07-27,797,9,0,0
2025-07-27,798,148,0,0
2025-07-27,799,150,0,0
2025-07-27,801,346,0,0
2025-07-27,804,60,0,0
2025-07-27,805,60,0,0
2025-07-27,806,72,0,0
2025-07-27,807,127,0,0
2025-07-27,808,136,0,0
2025-07-27,812,7,0,0
2025-07-27,817,8,0,0
2025-07-27,818,1,0,0
2025-07-27,824,190,0,0
2025-07-27,845,213,0,0
2025-07-27,850,239,0,0
2025-07-27,851,220,0,0
2025-07-27,854,11,1,14
2025-07-27,978,2,0,0
2025-07-27,980,1654,598,1470169
2025-07-27,990,82,0,0
2025-07-27,994,4,0,0
2025-07-27,997,85,0,0
2025-07-27,1010,21,0,0
2025-07-27,1012,36,0,0
2025-07-27,1013,38,0,0
2025-07-27,1014,8,0,0
2025-07-27,1015,7,0,0
2025-07-27,1016,20,0,0
2025-07-27,1019,4,0,0
2025-07-27,1020,398,0,0
2025-07-27,1021,229,0,0
2025-07-27,1022,241,0,0
2025-07-27,1025,46,0,0
2025-07-27,1026,12,0,0
2025-07-27,1027,26,0,0
2025-07-27,1031,17,0,0
2025-07-27,1032,4,0,0
2025-07-27,1033,1,0,0
2025-07-27,1034,1,0,0
2025-07-27,1045,70,0,0
2025-07-27,1046,221,0,0
2025-07-27,1047,180,0,0
2025-07-27,1048,52,0,0
2025-07-28,12,1888,33,4320
2025-07-28,14,61,0,0
2025-07-28,18,4,0,0
2025-07-28,22,2050,67,54720
2025-07-28,54,71,4,540
2025-07-28,56,8,0,0
2025-07-28,58,21,1,1300
2025-07-28,246,15,0,0
2025-07-28,270,946,97,9647
2025-07-28,281,8,0,0
2025-07-28,290,4,0,0
2025-07-28,294,27,27,17290
2025-07-28,303,409,0,0
2025-07-28,324,272,0,0
2025-07-28,337,20,1,120
2025-07-28,340,276,0,0
2025-07-28,341,288,0,0
2025-07-28,342,29,0,0
2025-07-28,343,31,0,0
2025-07-28,344,7,0,0
2025-07-28,356,2,0,0
2025-07-28,371,859,540,5673
2025-07-28,375,1,0,0
2025-07-28,384,373,293,49810
2025-07-28,385,1,0,0
2025-07-28,389,8,0,0
2025-07-28,397,15,0,0
2025-07-28,398,34,0,0
2025-07-28,442,2,0,0
2025-07-28,458,32,6,1080
2025-07-28,492,41,41,477
2025-07-28,496,706,2,240
2025-07-28,539,90,0,0
2025-07-28,540,9,0,0
2025-07-28,562,198,198,8560
2025-07-28,563,13885,13885,355669
2025-07-28,568,5,0,0
2025-07-28,578,288,0,0
2025-07-28,579,242,0,0
2025-07-28,582,162,0,0
2025-07-28,583,7,0,0
2025-07-28,621,242,0,0
2025-07-28,634,115,108,1270
2025-07-28,637,460,0,0
2025-07-28,638,59,0,0
2025-07-28,639,85,0,0
2025-07-28,643,9,0,0
2025-07-28,645,12,0,0
2025-07-28,646,61,0,0
2025-07-28,654,1,0,0
2025-07-28,655,3,0,0
2025-07-28,667,84,3,360
2025-07-28,674,142,0,0
2025-07-28,675,108,0,0
2025-07-28,676,19,0,0
2025-07-28,677,15,0,0
2025-07-28,678,55,0,0
2025-07-28,682,103,0,0
2025-07-28,683,146,0,0
2025-07-28,684,20,0,0
2025-07-28,685,14,0,0
2025-07-28,687,88,0,0
2025-07-28,688,223,0,0
2025-07-28,700,256,0,0
2025-07-28,701,527,0,0
2025-07-28,702,208,0,0
2025-07-28,703,118,0,0
2025-07-28,714,2,0,0
2025-07-28,725,19,0,0
2025-07-28,739,201,0,0
2025-07-28,740,98,0,0
2025-07-28,756,67,0,0
2025-07-28,757,28,0,0
2025-07-28,758,12,0,0
2025-07-28,760,15,0,0
2025-07-28,761,366,366,38680
2025-07-28,772,1,0,0
2025-07-28,790,31,0,0
2025-07-28,792,1,0,0
2025-07-28,794,236,0,0
2025-07-28,795,246,0,0
2025-07-28,796,12,0,0
2025-07-28,797,15,0,0
2025-07-28,798,131,0,0
2025-07-28,799,121,0,0
2025-07-28,801,276,0,0
2025-07-28,804,80,0,0
2025-07-28,805,277,0,0
2025-07-28,806,184,0,0
2025-07-28,807,202,0,0
2025-07-28,808,144,0,0
2025-07-28,812,16,0,0
2025-07-28,817,12,0,0
2025-07-28,818,2,0,0
2025-07-28,824,257,0,0
2025-07-28,845,238,0,0
2025-07-28,850,220,0,0
2025-07-28,851,231,0,0
2025-07-28,854,2,0,0
2025-07-28,978,1,0,0
2025-07-28,980,139,4,3700
2025-07-28,990,40,0,0
2025-07-28,994,5,0,0
2025-07-28,997,90,0,0
2025-07-28,1010,41,0,0
2025-07-28,1012,28,0,0
2025-07-28,1013,52,0,0
2025-07-28,1014,9,0,0
2025-07-28,1015,11,0,0
2025-07-28,1016,35,0,0
2025-07-28,1019,1,0,0
2025-07-28,1020,393,0,0
2025-07-28,1021,180,0,0
2025-07-28,1022,176,0,0
2025-07-28,1025,37,0,0
2025-07-28,1026,17,0,0
2025-07-28,1027,27,0,0
2025-07-28,1028,1,0,0
2025-07-28,1030,1,0,0
2025-07-28,1031,12,0,0
2025-07-28,1032,4,0,0
2025-07-28,1033,2,0,0
2025-07-28,1034,1,0,0
2025-07-28,1035,1,0,0
2025-07-28,1036,3,0,0
2025-07-28,1045,161,0,0
2025-07-28,1046,266,0,0
2025-07-28,1047,264,0,0
2025-07-28,1048,110,0,0
2025-07-29,12,408,25,3660
2025-07-29,14,247,13,2130
2025-07-29,18,1,0,0
2025-07-29,22,1271,49,34140
2025-07-29,30,5,0,0
2025-07-29,54,52,0,0
2025-07-29,56,7,0,0
2025-07-29,58,26,0,0
2025-07-29,246,27,0,0
2025-07-29,270,477,40,668
2025-07-29,281,3,0,0
2025-07-29,290,1,0,0
2025-07-29,294,23,23,10520
2025-07-29,303,181,0,0
2025-07-29,324,231,0,0
2025-07-29,337,8,0,0
2025-07-29,340,124,0,0
2025-07-29,341,239,0,0
2025-07-29,342,18,0,0
2025-07-29,343,14,0,0
2025-07-29,344,2,0,0
2025-07-29,356,6,0,0
2025-07-29,371,766,510,5490
2025-07-29,375,8,0,0
2025-07-29,384,650,496,84320
2025-07-29,385,1,0,0
2025-07-29,389,9,0,0
2025-07-29,396,1,0,0
2025-07-29,397,10,0,0
2025-07-29,398,31,2,360
2025-07-29,458,27,5,840
2025-07-29,482,4,0,0
2025-07-29,492,16,16,161
2025-07-29,496,588,8,1020
2025-07-29,539,42,0,0
2025-07-29,540,50,1,160
2025-07-29,562,484,484,17612
2025-07-29,563,9146,9146,280008
2025-07-29,568,10,0,0
2025-07-29,578,120,0,0
2025-07-29,579,136,0,0
2025-07-29,582,90,0,0
2025-07-29,583,19,0,0
2025-07-29,621,178,0,0
2025-07-29,630,1,0,0
2025-07-29,634,82,82,963
2025-07-29,637,184,0,0
2025-07-29,638,47,0,0
2025-07-29,639,51,0,0
2025-07-29,643,6,0,0
2025-07-29,645,5,0,0
2025-07-29,646,14,0,0
2025-07-29,654,1,0,0
2025-07-29,655,1,0,0
2025-07-29,667,105,1,120
2025-07-29,674,39,0,0
2025-07-29,675,53,0,0
2025-07-29,676,13,0,0
2025-07-29,677,6,0,0
2025-07-29,678,71,0,0
2025-07-29,682,55,0,0
2025-07-29,683,92,0,0
2025-07-29,684,18,0,0
2025-07-29,685,10,0,0
2025-07-29,687,57,0,0
2025-07-29,688,97,0,0
2025-07-29,700,112,0,0
2025-07-29,701,224,0,0
2025-07-29,702,179,0,0
2025-07-29,703,92,0,0
2025-07-29,711,3,0,0
2025-07-29,725,8,0,0
2025-07-29,739,163,0,0
2025-07-29,740,93,0,0
2025-07-29,756,71,0,0
2025-07-29,757,33,0,0
2025-07-29,758,13,0,0
2025-07-29,760,13,0,0
2025-07-29,761,343,343,39490
2025-07-29,772,3,0,0
2025-07-29,785,1,0,0
2025-07-29,790,39,0,0
2025-07-29,794,93,0,0
2025-07-29,795,151,0,0
2025-07-29,796,7,0,0
2025-07-29,797,13,0,0
2025-07-29,798,68,0,0
2025-07-29,799,67,0,0
2025-07-29,801,225,0,0
2025-07-29,804,50,0,0
2025-07-29,805,169,0,0
2025-07-29,806,81,0,0
2025-07-29,807,72,0,0
2025-07-29,808,64,0,0
2025-07-29,812,4,0,0
2025-07-29,817,14,0,0
2025-07-29,818,2,0,0
2025-07-29,824,151,0,0
2025-07-29,845,119,0,0
2025-07-29,850,218,0,0
2025-07-29,851,172,0,0
2025-07-29,854,2,0,0
2025-07-29,978,1,0,0
2025-07-29,980,77,2,200
2025-07-29,990,56,0,0
2025-07-29,994,3,0,0
2025-07-29,997,46,0,0
2025-07-29,1010,34,0,0
2025-07-29,1012,22,0,0
2025-07-29,1013,37,0,0
2025-07-29,1014,3,0,0
2025-07-29,1015,3,0,0
2025-07-29,1016,20,0,0
2025-07-29,1019,3,0,0
2025-07-29,1020,296,0,0
2025-07-29,1021,152,0,0
2025-07-29,1022,154,0,0
2025-07-29,1025,41,0,0
2025-07-29,1026,14,0,0
2025-07-29,1027,21,0,0
2025-07-29,1029,1,0,0
2025-07-29,1031,1,0,0
2025-07-29,1032,3,0,0
2025-07-29,1045,104,0,0
2025-07-29,1046,171,0,0
2025-07-29,1047,137,0,0
2025-07-29,1048,65,0,0
2025-07-30,12,377,44,6300
2025-07-30,14,102,9,1350
2025-07-30,18,3,0,0
2025-07-30,22,1189,41,36870
2025-07-30,54,44,1,180
2025-07-30,56,11,0,0
2025-07-30,58,24,0,0
2025-07-30,246,15,0,0
2025-07-30,270,1345,101,2364
2025-07-30,281,6,0,0
2025-07-30,290,3,0,0
2025-07-30,294,25,25,10490
2025-07-30,303,201,0,0
2025-07-30,324,310,0,0
2025-07-30,337,4,1,30
2025-07-30,340,266,0,0
2025-07-30,341,335,0,0
2025-07-30,343,3,0,0
2025-07-30,344,3,0,0
2025-07-30,371,652,419,4478
2025-07-30,375,5,0,0
2025-07-30,384,1113,870,147900
2025-07-30,385,49,2,340
2025-07-30,389,11,0,0
2025-07-30,398,42,5,900
2025-07-30,442,3,0,0
2025-07-30,458,36,12,1980
2025-07-30,480,4,0,0
2025-07-30,482,5,0,0
2025-07-30,492,7,7,70
2025-07-30,496,415,1,120
2025-07-30,539,49,0,0
2025-07-30,540,52,1,160
2025-07-30,562,264,264,10692
2025-07-30,563,7133,7133,169956
2025-07-30,564,3,0,0
2025-07-30,568,2,0,0
2025-07-30,578,117,0,0
2025-07-30,579,221,0,0
2025-07-30,582,109,0,0
2025-07-30,583,14,0,0
2025-07-30,621,325,0,0
2025-07-30,634,102,100,1169
2025-07-30,637,309,0,0
2025-07-30,638,88,0,0
2025-07-30,639,84,0,0
2025-07-30,643,5,0,0
2025-07-30,645,20,0,0
2025-07-30,646,85,0,0
2025-07-30,651,1,0,0
2025-07-30,654,1,0,0
2025-07-30,655,4,0,0
2025-07-30,667,876,6,720
2025-07-30,674,122,0,0
2025-07-30,675,98,0,0
2025-07-30,676,10,0,0
2025-07-30,677,9,0,0
2025-07-30,678,64,0,0
2025-07-30,682,92,0,0
2025-07-30,683,136,0,0
2025-07-30,684,10,0,0
2025-07-30,685,11,0,0
2025-07-30,686,4,0,0
2025-07-30,687,83,0,0
2025-07-30,688,156,0,0
2025-07-30,700,242,0,0
2025-07-30,701,258,0,0
2025-07-30,702,220,0,0
2025-07-30,703,108,0,0
2025-07-30,711,14,0,0
2025-07-30,714,1,0,0
2025-07-30,725,10,0,0
2025-07-30,739,193,0,0
2025-07-30,740,86,0,0
2025-07-30,756,72,0,0
2025-07-30,757,41,0,0
2025-07-30,758,5,0,0
2025-07-30,760,9,0,0
2025-07-30,761,378,378,26640
2025-07-30,772,10,0,0
2025-07-30,785,1,0,0
2025-07-30,790,31,0,0
2025-07-30,794,161,0,0
2025-07-30,795,145,0,0
2025-07-30,796,13,0,0
2025-07-30,797,10,0,0
2025-07-30,798,125,0,0
2025-07-30,799,127,0,0
2025-07-30,801,210,0,0
2025-07-30,804,84,0,0
2025-07-30,805,240,0,0
2025-07-30,806,122,0,0
2025-07-30,807,99,0,0
2025-07-30,808,103,0,0
2025-07-30,812,2,0,0
2025-07-30,817,10,0,0
2025-07-30,818,2,0,0
2025-07-30,824,211,0,0
2025-07-30,845,185,0,0
2025-07-30,850,203,0,0
2025-07-30,851,225,0,0
2025-07-30,854,4,0,0
2025-07-30,978,1,0,0
2025-07-30,980,61,4,400
2025-07-30,990,9,0,0
2025-07-30,997,11,0,0
2025-07-30,1010,20,0,0
2025-07-30,1012,6,0,0
2025-07-30,1013,27,0,0
2025-07-30,1014,2,0,0
2025-07-30,1015,2,0,0
2025-07-30,1016,2,0,0
2025-07-30,1019,3,0,0
2025-07-30,1020,315,0,0
2025-07-30,1021,235,0,0
2025-07-30,1022,222,0,0
2025-07-30,1024,1,0,0
2025-07-30,1025,34,0,0
2025-07-30,1026,16,0,0
2025-07-30,1027,24,0,0
2025-07-30,1031,18,0,0
2025-07-30,1032,4,0,0
2025-07-30,1035,1,0,0
2025-07-30,1045,71,0,0
2025-07-30,1046,149,0,0
2025-07-30,1047,146,0,0
2025-07-30,1048,77,0,0
2025-07-31,12,480,26,3300
2025-07-31,14,257,18,2700
2025-07-31,18,3,0,0
2025-07-31,22,1229,64,51330
2025-07-31,30,2,1,160
2025-07-31,54,36,0,0
2025-07-31,56,939,318,66900
2025-07-31,58,20,0,0
2025-07-31,246,19,0,0
2025-07-31,270,337,37,1206
2025-07-31,281,1,0,0
2025-07-31,290,4,0,0
2025-07-31,291,4,0,0
2025-07-31,294,13,13,3880
2025-07-31,303,297,0,0
2025-07-31,324,315,0,0
2025-07-31,337,2,0,0
2025-07-31,340,343,0,0
2025-07-31,341,497,0,0
2025-07-31,342,763,1,240
2025-07-31,343,2118,0,0
2025-07-31,344,322,0,0
2025-07-31,371,614,408,4250
2025-07-31,375,3,0,0
2025-07-31,384,107,79,13430
2025-07-31,385,51,0,0
2025-07-31,389,12,0,0
2025-07-31,397,927,0,0
2025-07-31,398,47,2,370
2025-07-31,442,1,0,0
2025-07-31,458,33,7,1200
2025-07-31,482,2,0,0
2025-07-31,492,31,30,308
2025-07-31,496,254,3,360
2025-07-31,539,164,0,0
2025-07-31,540,148,0,0
2025-07-31,562,224,224,15076
2025-07-31,563,7195,7195,381446
2025-07-31,578,166,0,0
2025-07-31,579,261,0,0
2025-07-31,582,111,0,0
2025-07-31,583,9,0,0
2025-07-31,621,361,0,0
2025-07-31,630,4,0,0
2025-07-31,634,106,104,1289
2025-07-31,637,260,0,0
2025-07-31,638,124,0,0
2025-07-31,639,81,0,0
2025-07-31,643,12,1,120
2025-07-31,645,4,0,0
2025-07-31,646,165,0,0
2025-07-31,655,9,1,120
2025-07-31,667,570,2,240
2025-07-31,674,206,0,0
2025-07-31,675,122,0,0
2025-07-31,676,129,0,0
2025-07-31,677,68,0,0
2025-07-31,678,286,0,0
2025-07-31,682,111,0,0
2025-07-31,683,145,0,0
2025-07-31,684,103,0,0
2025-07-31,685,102,0,0
2025-07-31,687,113,0,0
2025-07-31,688,170,0,0
2025-07-31,700,250,0,0
2025-07-31,701,394,0,0
2025-07-31,702,193,0,0
2025-07-31,703,97,0,0
2025-07-31,711,9,0,0
2025-07-31,725,78,0,0
2025-07-31,739,201,0,0
2025-07-31,740,92,0,0
2025-07-31,756,298,0,0
2025-07-31,757,168,0,0
2025-07-31,758,63,0,0
2025-07-31,760,79,0,0
2025-07-31,761,580,580,59750
2025-07-31,766,1,0,0
2025-07-31,772,4,2,260
2025-07-31,790,24,0,0
2025-07-31,794,193,0,0
2025-07-31,795,171,0,0
2025-07-31,796,64,0,0
2025-07-31,797,45,0,0
2025-07-31,798,157,0,0
2025-07-31,799,166,0,0
2025-07-31,801,310,0,0
2025-07-31,804,85,0,0
2025-07-31,805,298,0,0
2025-07-31,806,206,0,0
2025-07-31,807,143,0,0
2025-07-31,808,159,0,0
2025-07-31,812,1,0,0
2025-07-31,817,31,0,0
2025-07-31,818,4,0,0
2025-07-31,824,235,0,0
2025-07-31,845,208,0,0
2025-07-31,850,221,0,0
2025-07-31,851,183,0,0
2025-07-31,854,4,0,0
2025-07-31,978,1,0,0
2025-07-31,980,79,0,0
2025-07-31,990,19,0,0
2025-07-31,994,1,0,0
2025-07-31,997,44,0,0
2025-07-31,1010,55,0,0
2025-07-31,1012,4,0,0
2025-07-31,1013,81,0,0
2025-07-31,1014,9,0,0
2025-07-31,1015,2,0,0
2025-07-31,1016,16,0,0
2025-07-31,1019,18,0,0
2025-07-31,1020,342,0,0
2025-07-31,1021,224,0,0
2025-07-31,1022,237,0,0
2025-07-31,1024,1,0,0
2025-07-31,1025,59,0,0
2025-07-31,1026,41,0,0
2025-07-31,1027,22,0,0
2025-07-31,1028,3,0,0
2025-07-31,1029,3,0,0
2025-07-31,1031,18,0,0
2025-07-31,1032,33,0,0
2025-07-31,1033,3,0,0
2025-07-31,1034,2,0,0
2025-07-31,1035,2,0,0
2025-07-31,1045,162,0,0
2025-07-31,1046,217,0,0
2025-07-31,1047,227,0,0
2025-07-31,1048,38,0,0
2025-08-01,12,323,12,1440
2025-08-01,14,304,35,5000
2025-08-01,18,3,0,0
2025-08-01,22,1255,74,39300
2025-08-01,30,4,0,0
2025-08-01,54,48,0,0
2025-08-01,56,983,257,54350
2025-08-01,58,14,0,0
2025-08-01,246,20,6,720
2025-08-01,270,1419,85,877
2025-08-01,281,3,0,0
2025-08-01,294,20,20,8620
2025-08-01,303,74,0,0
2025-08-01,324,40,0,0
2025-08-01,340,85,0,0
2025-08-01,341,74,0,0
2025-08-01,342,2238,3,720
2025-08-01,343,2952,0,0
2025-08-01,344,387,0,0
2025-08-01,371,532,297,3078
2025-08-01,375,5,0,0
2025-08-01,384,573,484,82280
2025-08-01,385,46,0,0
2025-08-01,389,4,0,0
2025-08-01,397,1030,0,0
2025-08-01,398,3,0,0
2025-08-01,442,1,0,0
2025-08-01,482,5,0,0
2025-08-01,492,9,9,100
2025-08-01,496,241,2,280
2025-08-01,539,8,0,0
2025-08-01,540,83,2,320
2025-08-01,562,163,163,11832
2025-08-01,563,5545,5545,367266
2025-08-01,564,1,0,0
2025-08-01,578,78,0,0
2025-08-01,579,139,0,0
2025-08-01,582,61,0,0
2025-08-01,583,16,0,0
2025-08-01,621,71,0,0
2025-08-01,630,1,0,0
2025-08-01,634,122,119,1426
2025-08-01,637,60,0,0
2025-08-01,638,25,0,0
2025-08-01,639,21,0,0
2025-08-01,643,17,1,120
2025-08-01,645,6,0,0
2025-08-01,646,9,0,0
2025-08-01,651,2,0,0
2025-08-01,654,5,0,0
2025-08-01,655,8,0,0
2025-08-01,667,506,5,660
2025-08-01,674,55,0,0
2025-08-01,675,31,0,0
2025-08-01,676,81,0,0
2025-08-01,677,66,0,0
2025-08-01,678,192,0,0
2025-08-01,682,41,0,0
2025-08-01,683,55,0,0
2025-08-01,684,82,0,0
2025-08-01,685,102,0,0
2025-08-01,687,42,0,0
2025-08-01,688,53,0,0
2025-08-01,700,33,0,0
2025-08-01,701,248,0,0
2025-08-01,702,70,0,0
2025-08-01,703,51,0,0
2025-08-01,714,1,0,0
2025-08-01,725,45,0,0
2025-08-01,739,82,0,0
2025-08-01,740,40,0,0
2025-08-01,756,219,0,0
2025-08-01,757,177,0,0
2025-08-01,758,68,0,0
2025-08-01,760,88,0,0
2025-08-01,761,507,507,52858
2025-08-01,790,25,0,0
2025-08-01,794,53,0,0
2025-08-01,795,112,0,0
2025-08-01,796,75,0,0
2025-08-01,797,86,0,0
2025-08-01,798,53,0,0
2025-08-01,799,54,0,0
2025-08-01,801,66,0,0
2025-08-01,804,60,0,0
2025-08-01,805,121,0,0
2025-08-01,806,9,0,0
2025-08-01,807,174,0,0
2025-08-01,808,220,0,0
2025-08-01,817,9,0,0
2025-08-01,818,3,0,0
2025-08-01,824,67,0,0
2025-08-01,845,108,0,0
2025-08-01,850,112,0,0
2025-08-01,851,103,0,0
2025-08-01,854,7,0,0
2025-08-01,978,3,0,0
2025-08-01,980,83,1,100
2025-08-01,997,1,0,0
2025-08-01,1020,149,0,0
2025-08-01,1021,90,0,0
2025-08-01,1022,92,0,0
2025-08-01,1045,44,0,0
2025-08-01,1046,58,0,0
2025-08-01,1047,57,0,0
2025-08-01,1048,57,0,0
2025-08-02,12,483,12,1560
2025-08-02,14,285,22,3210
2025-08-02,18,6,0,0
2025-08-02,22,1484,48,48060
2025-08-02,26,11,0,0
2025-08-02,30,1,0,0
2025-08-02,54,21,0,0
2025-08-02,56,503,62,12520
2025-08-02,58,26,0,0
2025-08-02,246,17,0,0
2025-08-02,270,363,72,4539
2025-08-02,281,2,0,0
2025-08-02,294,13,13,2800
2025-08-02,303,91,0,0
2025-08-02,324,63,0,0
2025-08-02,337,3,0,0
2025-08-02,340,120,0,0
2025-08-02,341,77,0,0
2025-08-02,342,1686,2,480
2025-08-02,343,3244,0,0
2025-08-02,344,296,0,0
2025-08-02,356,12,0,0
2025-08-02,371,349,227,2306
2025-08-02,375,4,0,0
2025-08-02,385,55,2,340
2025-08-02,389,12,0,0
2025-08-02,397,803,0,0
2025-08-02,398,5,0,0
2025-08-02,482,3,0,0
2025-08-02,492,29,24,240
2025-08-02,496,254,3,600
2025-08-02,539,4,0,0
2025-08-02,540,84,1,160
2025-08-02,562,154,154,6700
2025-08-02,563,4830,4830,323354
2025-08-02,568,1,0,0
2025-08-02,578,39,0,0
2025-08-02,579,84,0,0
2025-08-02,582,94,0,0
2025-08-02,583,10,0,0
2025-08-02,621,96,0,0
2025-08-02,634,116,110,1318
2025-08-02,637,39,0,0
2025-08-02,638,14,0,0
2025-08-02,639,30,0,0
2025-08-02,643,9,0,0
2025-08-02,645,6,0,0
2025-08-02,646,3,0,0
2025-08-02,654,1,0,0
2025-08-02,667,323,9,1140
2025-08-02,674,32,0,0
2025-08-02,675,33,0,0
2025-08-02,676,92,0,0
2025-08-02,677,75,0,0
2025-08-02,678,251,0,0
2025-08-02,682,19,0,0
2025-08-02,683,21,0,0
2025-08-02,684,120,0,0
2025-08-02,685,117,0,0
2025-08-02,687,25,0,0
2025-08-02,688,60,0,0
2025-08-02,700,24,0,0
2025-08-02,701,73,0,0
2025-08-02,702,80,0,0
2025-08-02,703,59,0,0
2025-08-02,711,1,0,0
2025-08-02,714,1,0,0
2025-08-02,725,75,0,0
2025-08-02,739,115,0,0
2025-08-02,740,46,0,0
2025-08-02,756,227,0,0
2025-08-02,757,157,0,0
2025-08-02,758,93,0,0
2025-08-02,760,81,0,0
2025-08-02,761,648,648,71170
2025-08-02,772,2,0,0
2025-08-02,790,23,0,0
2025-08-02,794,52,0,0
2025-08-02,795,67,0,0
2025-08-02,796,84,0,0
2025-08-02,797,65,0,0
2025-08-02,798,72,0,0
2025-08-02,799,69,0,0
2025-08-02,801,118,0,0
2025-08-02,804,44,0,0
2025-08-02,805,110,0,0
2025-08-02,806,12,0,0
2025-08-02,807,143,0,0
2025-08-02,808,193,0,0
2025-08-02,812,1,0,0
2025-08-02,817,10,0,0
2025-08-02,818,3,0,0
2025-08-02,824,73,0,0
2025-08-02,845,75,0,0
2025-08-02,850,81,0,0
2025-08-02,851,111,0,0
2025-08-02,854,1,0,0
2025-08-02,978,1,0,0
2025-08-02,980,109,0,0
2025-08-02,990,3,0,0
2025-08-02,997,5,0,0
2025-08-02,1010,6,0,0
2025-08-02,1012,3,0,0
2025-08-02,1013,6,0,0
2025-08-02,1020,239,0,0
2025-08-02,1021,112,0,0
2025-08-02,1022,141,0,0
2025-08-02,1025,8,0,0
2025-08-02,1026,18,0,0
2025-08-02,1027,23,0,0
2025-08-02,1030,1,0,0
2025-08-02,1031,15,0,0
2025-08-02,1032,16,0,0
2025-08-02,1033,1,0,0
2025-08-02,1035,1,0,0
2025-08-02,1045,37,0,0
2025-08-02,1046,66,0,0
2025-08-02,1047,68,0,0
2025-08-02,1048,51,0,0
2025-08-03,12,301,5,600
2025-08-03,14,394,11,1540
2025-08-03,18,4,0,0
2025-08-03,22,1627,117,139350
2025-08-03,26,20,0,0
2025-08-03,30,1,0,0
2025-08-03,54,29,1,180
2025-08-03,56,274,22,4940
2025-08-03,58,25,0,0
2025-08-03,246,9,0,0
2025-08-03,270,503,92,670
2025-08-03,281,4,0,0
2025-08-03,291,1,0,0
2025-08-03,294,4,4,720
2025-08-03,303,164,0,0
2025-08-03,324,63,0,0
2025-08-03,340,142,0,0
2025-08-03,341,53,0,0
2025-08-03,342,1106,2,480
2025-08-03,343,2593,0,0
2025-08-03,344,254,0,0
2025-08-03,356,125,0,0
2025-08-03,371,299,187,1933
2025-08-03,385,39,1,170
2025-08-03,389,16,0,0
2025-08-03,397,688,0,0
2025-08-03,398,7,0,0
2025-08-03,458,1,0,0
2025-08-03,482,3,0,0
2025-08-03,496,324,7,1120
2025-08-03,539,6,0,0
2025-08-03,540,98,0,0
2025-08-03,562,135,135,9038
2025-08-03,563,4046,4046,301354
2025-08-03,578,89,0,0
2025-08-03,579,65,0,0
2025-08-03,582,104,0,0
2025-08-03,583,8,0,0
2025-08-03,621,145,0,0
2025-08-03,634,126,125,1360
2025-08-03,637,66,0,0
2025-08-03,638,34,0,0
2025-08-03,639,33,0,0
2025-08-03,643,18,0,0
2025-08-03,645,17,0,0
2025-08-03,646,6,0,0
2025-08-03,651,2,0,0
2025-08-03,654,1,0,0
2025-08-03,655,8,0,0
2025-08-03,667,212,0,0
2025-08-03,674,18,0,0
2025-08-03,675,47,0,0
2025-08-03,676,98,0,0
2025-08-03,677,49,0,0
2025-08-03,678,167,0,0
2025-08-03,682,15,0,0
2025-08-03,683,34,0,0
2025-08-03,684,84,0,0
2025-08-03,685,118,0,0
2025-08-03,687,26,0,0
2025-08-03,688,20,0,0
2025-08-03,700,21,0,0
2025-08-03,701,28,0,0
2025-08-03,702,87,0,0
2025-08-03,703,56,0,0
2025-08-03,714,1,0,0
2025-08-03,725,111,0,0
2025-08-03,739,84,0,0
2025-08-03,740,39,0,0
2025-08-03,756,121,0,0
2025-08-03,757,117,0,0
2025-08-03,758,70,0,0
2025-08-03,760,83,0,0
2025-08-03,761,627,627,67290
2025-08-03,772,4,0,0
2025-08-03,790,30,1,120
2025-08-03,794,43,0,0
2025-08-03,795,42,0,0
2025-08-03,796,72,0,0
2025-08-03,797,76,0,0
2025-08-03,798,71,0,0
2025-08-03,799,73,0,0
2025-08-03,801,103,0,0
2025-08-03,804,36,0,0
2025-08-03,805,74,0,0
2025-08-03,806,26,0,0
2025-08-03,807,139,0,0
2025-08-03,808,190,0,0
2025-08-03,817,10,0,0
2025-08-03,818,2,0,0
2025-08-03,824,75,0,0
2025-08-03,845,60,0,0
2025-08-03,850,83,0,0
2025-08-03,851,95,0,0
2025-08-03,854,1,0,0
2025-08-03,980,879,253,712881
2025-08-03,990,10,0,0
2025-08-03,997,4,0,0
2025-08-03,1010,10,0,0
2025-08-03,1012,2,0,0
2025-08-03,1013,5,0,0
2025-08-03,1020,207,0,0
2025-08-03,1021,131,0,0
2025-08-03,1022,97,0,0
2025-08-03,1025,15,0,0
2025-08-03,1026,5,0,0
2025-08-03,1027,8,0,0
2025-08-03,1029,1,0,0
2025-08-03,1031,5,0,0
2025-08-03,1032,4,0,0
2025-08-03,1045,29,0,0
2025-08-03,1046,50,0,0
2025-08-03,1047,61,0,0
2025-08-03,1048,37,0,0
2025-08-04,12,191,24,5760
2025-08-04,14,342,22,3130
2025-08-04,18,9,0,0
2025-08-04,22,1570,71,81120
2025-08-04,26,12,0,0
2025-08-04,54,34,0,0
2025-08-04,56,106,4,800
2025-08-04,58,15,0,0
2025-08-04,246,27,0,0
2025-08-04,270,762,117,2377
2025-08-04,281,1,0,0
2025-08-04,294,11,11,7240
2025-08-04,303,104,0,0
2025-08-04,324,140,0,0
2025-08-04,337,1,0,0
2025-08-04,340,121,0,0
2025-08-04,341,217,0,0
2025-08-04,342,410,0,0
2025-08-04,343,1060,0,0
2025-08-04,344,98,0,0
2025-08-04,356,11,0,0
2025-08-04,371,365,193,1935
2025-08-04,375,1,0,0
2025-08-04,385,55,0,0
2025-08-04,389,7,0,0
2025-08-04,397,154,0,0
2025-08-04,398,1,1,640
2025-08-04,442,4,0,0
2025-08-04,482,5,0,0
2025-08-04,492,10,10,104
2025-08-04,496,615,2,240
2025-08-04,539,7,0,0
2025-08-04,540,52,1,160
2025-08-04,562,134,134,11952
2025-08-04,563,3050,3050,266734
2025-08-04,578,60,0,0
2025-08-04,579,51,0,0
2025-08-04,582,87,0,0
2025-08-04,583,12,0,0
2025-08-04,621,147,0,0
2025-08-04,630,1,0,0
2025-08-04,634,161,157,1797
2025-08-04,637,41,0,0
2025-08-04,638,22,0,0
2025-08-04,639,32,0,0
2025-08-04,643,21,0,0
2025-08-04,645,11,0,0
2025-08-04,646,42,0,0
2025-08-04,667,199,2,240
2025-08-04,674,20,0,0
2025-08-04,675,38,0,0
2025-08-04,676,72,0,0
2025-08-04,677,20,0,0
2025-08-04,678,109,0,0
2025-08-04,682,18,0,0
2025-08-04,683,19,0,0
2025-08-04,684,76,0,0
2025-08-04,685,91,0,0
2025-08-04,687,23,0,0
2025-08-04,688,28,0,0
2025-08-04,700,23,0,0
2025-08-04,701,39,0,0
2025-08-04,702,103,0,0
2025-08-04,703,65,0,0
2025-08-04,714,1,0,0
2025-08-04,725,92,0,0
2025-08-04,739,129,0,0
2025-08-04,740,46,0,0
2025-08-04,756,101,0,0
2025-08-04,757,93,0,0
2025-08-04,758,29,0,0
2025-08-04,760,83,0,0
2025-08-04,761,420,420,44530
2025-08-04,785,2,0,0
2025-08-04,790,27,0,0
2025-08-04,794,26,0,0
2025-08-04,795,50,0,0
2025-08-04,796,74,0,0
2025-08-04,797,61,0,0
2025-08-04,798,50,0,0
2025-08-04,799,43,0,0
2025-08-04,801,130,0,0
2025-08-04,804,46,0,0
2025-08-04,805,66,0,0
2025-08-04,806,278,0,0
2025-08-04,807,95,0,0
2025-08-04,808,105,0,0
2025-08-04,812,1,0,0
2025-08-04,817,9,0,0
2025-08-04,818,6,0,0
2025-08-04,824,55,0,0
2025-08-04,845,75,0,0
2025-08-04,850,144,0,0
2025-08-04,851,129,0,0
2025-08-04,980,81,3,300
2025-08-04,990,9,0,0
2025-08-04,997,3,0,0
2025-08-04,1010,23,0,0
2025-08-04,1012,3,0,0
2025-08-04,1013,4,0,0
2025-08-04,1020,205,0,0
2025-08-04,1021,133,0,0
2025-08-04,1022,89,0,0
2025-08-04,1025,11,0,0
2025-08-04,1026,12,0,0
2025-08-04,1027,10,0,0
2025-08-04,1028,1,0,0
2025-08-04,1029,2,0,0
2025-08-04,1030,1,0,0
2025-08-04,1031,5,0,0
2025-08-04,1032,5,0,0
2025-08-04,1045,29,0,0
2025-08-04,1046,50,0,0
2025-08-04,1047,42,0,0
2025-08-04,1048,49,0,0
2025-08-05,12,44,0,0
2025-08-05,14,448,23,3290
2025-08-05,18,7,0,0
2025-08-05,22,816,9,10350
2025-08-05,30,1,0,0
2025-08-05,32,5,0,0
2025-08-05,54,36,0,0
2025-08-05,56,19,0,0
2025-08-05,58,27,0,0
2025-08-05,87,1,0,0
2025-08-05,246,23,0,0
2025-08-05,270,337,84,983
2025-08-05,281,7,0,0
2025-08-05,294,5,5,2300
2025-08-05,303,76,0,0
2025-08-05,324,106,0,0
2025-08-05,340,99,0,0
2025-08-05,341,142,0,0
2025-08-05,343,1,0,0
2025-08-05,344,2,0,0
2025-08-05,371,379,247,2628
2025-08-05,384,6,6,1020
2025-08-05,385,59,1,170
2025-08-05,389,12,0,0
2025-08-05,442,1,0,0
2025-08-05,458,1,0,0
2025-08-05,482,1,0,0
2025-08-05,492,32,32,358
2025-08-05,496,195,1,180
2025-08-05,539,11,0,0
2025-08-05,540,97,0,0
2025-08-05,562,322,322,24137
2025-08-05,563,6090,6090,235478
2025-08-05,564,3,0,0
2025-08-05,578,110,0,0
2025-08-05,579,65,0,0
2025-08-05,582,81,0,0
2025-08-05,583,11,0,0
2025-08-05,621,100,0,0
2025-08-05,634,116,116,1401
2025-08-05,637,75,0,0
2025-08-05,638,37,0,0
2025-08-05,639,29,0,0
2025-08-05,643,1,0,0
2025-08-05,645,14,1,7
2025-08-05,646,69,0,0
2025-08-05,651,1,0,0
2025-08-05,655,4,0,0
2025-08-05,667,87,0,0
2025-08-05,674,51,0,0
2025-08-05,675,49,0,0
2025-08-05,676,95,0,0
2025-08-05,677,27,0,0
2025-08-05,678,107,0,0
2025-08-05,682,17,0,0
2025-08-05,683,28,0,0
2025-08-05,684,85,0,0
2025-08-05,685,124,0,0
2025-08-05,687,22,0,0
2025-08-05,688,37,0,0
2025-08-05,700,38,0,0
2025-08-05,701,117,0,0
2025-08-05,702,117,0,0
2025-08-05,703,66,0,0
2025-08-05,739,128,0,0
2025-08-05,740,54,0,0
2025-08-05,756,48,0,0
2025-08-05,757,108,0,0
2025-08-05,758,30,0,0
2025-08-05,760,69,0,0
2025-08-05,761,296,296,56620
2025-08-05,772,1,0,0
2025-08-05,790,17,0,0
2025-08-05,794,26,0,0
2025-08-05,795,40,0,0
2025-08-05,796,31,0,0
2025-08-05,797,43,0,0
2025-08-05,798,48,0,0
2025-08-05,799,56,0,0
2025-08-05,801,197,0,0
2025-08-05,804,57,0,0
2025-08-05,805,94,0,0
2025-08-05,806,138,0,0
2025-08-05,807,107,0,0
2025-08-05,808,110,0,0
2025-08-05,809,1,0,0
2025-08-05,812,1,0,0
2025-08-05,817,20,0,0
2025-08-05,818,5,0,0
2025-08-05,824,88,0,0
2025-08-05,845,81,0,0
2025-08-05,850,164,0,0
2025-08-05,851,173,0,0
2025-08-05,854,2,0,0
2025-08-05,978,2,0,0
2025-08-05,980,82,5,500
2025-08-05,990,14,0,0
2025-08-05,997,3,0,0
2025-08-05,1010,11,0,0
2025-08-05,1012,4,0,0
2025-08-05,1013,5,0,0
2025-08-05,1020,269,0,0
2025-08-05,1021,98,0,0
2025-08-05,1022,145,0,0
2025-08-05,1025,56,0,0
2025-08-05,1026,17,0,0
2025-08-05,1027,19,0,0
2025-08-05,1029,35,0,0
2025-08-05,1032,6,0,0
2025-08-05,1037,1,0,0
2025-08-05,1045,42,0,0
2025-08-05,1046,75,0,0
2025-08-05,1047,82,0,0
2025-08-05,1048,54,0,0
2025-08-06,12,58,0,0
2025-08-06,14,465,24,3500
2025-08-06,18,3,0,0
2025-08-06,22,1148,2,300
2025-08-06,30,1,0,0
2025-08-06,32,4,0,0
2025-08-06,54,63,0,0
2025-08-06,56,11,0,0
2025-08-06,58,29,0,0
2025-08-06,87,1,0,0
2025-08-06,246,31,4,800
2025-08-06,270,1453,108,970
2025-08-06,281,7,0,0
2025-08-06,290,1,1,120
2025-08-06,294,7,7,1740
2025-08-06,303,99,0,0
2025-08-06,324,75,0,0
2025-08-06,337,8,0,0
2025-08-06,340,54,0,0
2025-08-06,341,50,0,0
2025-08-06,343,2,0,0
2025-08-06,356,1,0,0
2025-08-06,371,413,169,1722
2025-08-06,375,6,0,0
2025-08-06,385,58,3,510
2025-08-06,389,17,0,0
2025-08-06,398,3,0,0
2025-08-06,401,1,0,0
2025-08-06,482,4,0,0
2025-08-06,492,29,29,324
2025-08-06,496,278,0,0
2025-08-06,539,10,0,0
2025-08-06,540,71,2,320
2025-08-06,562,646,646,34327
2025-08-06,563,12420,12420,262959
2025-08-06,568,1,0,0
2025-08-06,578,121,0,0
2025-08-06,579,52,0,0
2025-08-06,582,59,0,0
2025-08-06,583,7,0,0
2025-08-06,621,34,0,0
2025-08-06,630,6,0,0
2025-08-06,634,143,139,1560
2025-08-06,637,57,0,0
2025-08-06,638,36,0,0
2025-08-06,639,22,0,0
2025-08-06,643,13,0,0
2025-08-06,645,25,0,0
2025-08-06,646,54,0,0
2025-08-06,655,4,0,0
2025-08-06,667,858,7,840
2025-08-06,674,43,0,0
2025-08-06,675,40,0,0
2025-08-06,676,63,0,0
2025-08-06,677,18,0,0
2025-08-06,678,168,0,0
2025-08-06,682,13,0,0
2025-08-06,683,19,0,0
2025-08-06,684,92,0,0
2025-08-06,685,110,0,0
2025-08-06,687,32,0,0
2025-08-06,688,43,0,0
2025-08-06,700,62,0,0
2025-08-06,701,82,0,0
2025-08-06,702,120,0,0
2025-08-06,703,65,0,0
2025-08-06,714,2,0,0
2025-08-06,725,57,0,0
2025-08-06,739,132,0,0
2025-08-06,740,64,0,0
2025-08-06,756,64,0,0
2025-08-06,757,101,0,0
2025-08-06,758,44,0,0
2025-08-06,760,64,0,0
2025-08-06,761,284,284,20550
2025-08-06,772,4,0,0
2025-08-06,785,1,0,0
2025-08-06,786,6,0,0
2025-08-06,790,25,0,0
2025-08-06,794,44,0,0
2025-08-06,795,108,0,0
2025-08-06,796,84,0,0
2025-08-06,797,68,0,0
2025-08-06,798,72,0,0
2025-08-06,799,79,0,0
2025-08-06,801,205,0,0
2025-08-06,804,56,0,0
2025-08-06,805,45,0,0
2025-08-06,806,192,0,0
2025-08-06,807,68,0,0
2025-08-06,808,79,0,0
2025-08-06,809,4,0,0
2025-08-06,812,1,0,0
2025-08-06,817,33,0,0
2025-08-06,818,3,0,0
2025-08-06,824,88,0,0
2025-08-06,845,108,0,0
2025-08-06,850,172,0,0
2025-08-06,851,178,0,0
2025-08-06,980,135,2,200
2025-08-06,990,10,0,0
2025-08-06,997,1,0,0
2025-08-06,1010,6,0,0
2025-08-06,1012,6,0,0
2025-08-06,1013,8,0,0
2025-08-06,1019,1,0,0
2025-08-06,1020,281,0,0
2025-08-06,1021,148,0,0
2025-08-06,1022,204,0,0
2025-08-06,1025,53,0,0
2025-08-06,1026,22,0,0
2025-08-06,1027,13,0,0
2025-08-06,1029,8,0,0
2025-08-06,1032,4,0,0
2025-08-06,1045,26,0,0
2025-08-06,1046,60,0,0
2025-08-06,1047,79,0,0
2025-08-06,1048,29,0,0
2025-08-07,12,51,1,750
2025-08-07,14,2498,337,61130
2025-08-07,18,3,0,0
2025-08-07,22,292,0,0
2025-08-07,30,3,0,0
2025-08-07,32,7,0,0
2025-08-07,54,128,0,0
2025-08-07,56,1440,1065,256330
2025-08-07,58,34,8,24600
2025-08-07,87,1,0,0
2025-08-07,246,29,0,0
2025-08-07,270,415,101,1068
2025-08-07,294,8,8,3190
2025-08-07,303,48,0,0
2025-08-07,324,100,0,0
2025-08-07,337,2,0,0
2025-08-07,340,121,0,0
2025-08-07,341,140,0,0
2025-08-07,342,2665,392,94080
2025-08-07,343,611,69,16560
2025-08-07,344,172,19,4560
2025-08-07,356,1,0,0
2025-08-07,371,484,301,3239
2025-08-07,375,11,0,0
2025-08-07,385,63,2,340
2025-08-07,389,24,0,0
2025-08-07,397,1269,36,8640
2025-08-07,398,5,0,0
2025-08-07,409,1,0,0
2025-08-07,442,2,0,0
2025-08-07,458,1,1,180
2025-08-07,482,4,0,0
2025-08-07,492,16,16,190
2025-08-07,496,307,1,200
2025-08-07,539,9,0,0
2025-08-07,540,247,89,17720
2025-08-07,562,960,960,119997
2025-08-07,563,11878,11878,187608
2025-08-07,564,1,0,0
2025-08-07,568,1,0,0
2025-08-07,578,133,0,0
2025-08-07,579,42,0,0
2025-08-07,582,55,0,0
2025-08-07,583,10,0,0
2025-08-07,621,13,0,0
2025-08-07,634,96,94,1098
2025-08-07,637,57,0,0
2025-08-07,638,32,0,0
2025-08-07,639,24,0,0
2025-08-07,643,3,0,0
2025-08-07,645,18,0,0
2025-08-07,646,58,0,0
2025-08-07,651,3,0,0
2025-08-07,654,2,0,0
2025-08-07,655,3,0,0
2025-08-07,667,32,7,1260
2025-08-07,674,32,0,0
2025-08-07,675,121,0,0
2025-08-07,676,106,0,0
2025-08-07,677,29,0,0
2025-08-07,678,124,0,0
2025-08-07,682,6,0,0
2025-08-07,683,17,0,0
2025-08-07,684,100,0,0
2025-08-07,685,125,0,0
2025-08-07,687,23,0,0
2025-08-07,688,40,0,0
2025-08-07,700,69,0,0
2025-08-07,701,37,0,0
2025-08-07,702,119,0,0
2025-08-07,703,66,0,0
2025-08-07,725,36,0,0
2025-08-07,739,135,0,0
2025-08-07,740,56,0,0
2025-08-07,756,107,0,0
2025-08-07,757,68,0,0
2025-08-07,758,45,0,0
2025-08-07,760,68,0,0
2025-08-07,761,187,187,16580
2025-08-07,772,2,0,0
2025-08-07,790,24,0,0
2025-08-07,794,65,0,0
2025-08-07,795,63,0,0
2025-08-07,796,52,0,0
2025-08-07,797,68,0,0
2025-08-07,798,40,0,0
2025-08-07,799,55,0,0
2025-08-07,801,181,0,0
2025-08-07,804,54,0,0
2025-08-07,805,81,0,0
2025-08-07,806,206,0,0
2025-08-07,807,49,0,0
2025-08-07,808,70,0,0
2025-08-07,817,24,0,0
2025-08-07,818,3,0,0
2025-08-07,824,97,0,0
2025-08-07,845,107,0,0
2025-08-07,850,161,0,0
2025-08-07,851,166,0,0
2025-08-07,973,1,0,0
2025-08-07,978,1,0,0
2025-08-07,980,156,0,0
2025-08-07,990,13,0,0
2025-08-07,997,13,0,0
2025-08-07,1010,12,0,0
2025-08-07,1012,2,0,0
2025-08-07,1013,2,0,0
2025-08-07,1020,260,0,0
2025-08-07,1021,160,0,0
2025-08-07,1022,160,0,0
2025-08-07,1025,63,0,0
2025-08-07,1026,35,0,0
2025-08-07,1027,10,0,0
2025-08-07,1029,8,0,0
2025-08-07,1032,14,0,0
2025-08-07,1045,21,0,0
2025-08-07,1046,68,0,0
2025-08-07,1047,78,0,0
2025-08-07,1048,27,0,0
2025-08-08,12,7176,301,45150
2025-08-08,14,2495,245,39720
2025-08-08,18,1,0,0
2025-08-08,22,958,7,1110
2025-08-08,30,4,0,0
2025-08-08,32,4,0,0
2025-08-08,54,310,4,630
2025-08-08,56,1067,540,128240
2025-08-08,58,23030,22800,4291960
2025-08-08,108,24,0,0
2025-08-08,246,47,18,2880
2025-08-08,270,1819,269,4618
2025-08-08,281,4,0,0
2025-08-08,290,2,0,0
2025-08-08,294,23,23,4260
2025-08-08,303,4,0,0
2025-08-08,324,12,0,0
2025-08-08,337,92,10,660
2025-08-08,340,9,0,0
2025-08-08,341,7,0,0
2025-08-08,342,19084,3384,810320
2025-08-08,343,11345,1597,383280
2025-08-08,344,5832,550,132000
2025-08-08,371,478,239,2602
2025-08-08,375,19,0,0
2025-08-08,389,23,0,0
2025-08-08,396,13368,1785,428400
2025-08-08,397,1330,29,6960
2025-08-08,398,113,10,1560
2025-08-08,442,3,0,0
2025-08-08,458,51,8,1440
2025-08-08,480,1,0,0
2025-08-08,482,11,10,110
2025-08-08,492,17,17,173
2025-08-08,496,278,0,0
2025-08-08,539,1138,67,10720
2025-08-08,540,196,48,9560
2025-08-08,562,1053,1053,67836
2025-08-08,563,22406,22406,1464215
2025-08-08,564,6,0,0
2025-08-08,578,5,0,0
2025-08-08,579,4,0,0
2025-08-08,582,9,0,0
2025-08-08,583,4,0,0
2025-08-08,621,10,0,0
2025-08-08,634,165,150,1717
2025-08-08,637,6,0,0
2025-08-08,638,5,0,0
2025-08-08,639,2,0,0
2025-08-08,643,8,0,0
2025-08-08,645,36,0,0
2025-08-08,646,2,0,0
2025-08-08,651,3,0,0
2025-08-08,654,1,0,0
2025-08-08,655,1,0,0
2025-08-08,667,49,6,1080
2025-08-08,674,8,0,0
2025-08-08,675,8,0,0
2025-08-08,676,10,0,0
2025-08-08,677,4,0,0
2025-08-08,678,20,0,0
2025-08-08,682,4,0,0
2025-08-08,683,3,0,0
2025-08-08,684,9,0,0
2025-08-08,685,7,0,0
2025-08-08,687,5,0,0
2025-08-08,688,7,0,0
2025-08-08,700,2,0,0
2025-08-08,701,4,0,0
2025-08-08,702,10,0,0
2025-08-08,703,3,0,0
2025-08-08,714,1,0,0
2025-08-08,725,7,0,0
2025-08-08,739,25,0,0
2025-08-08,740,15,0,0
2025-08-08,756,25,0,0
2025-08-08,757,22,0,0
2025-08-08,758,9,0,0
2025-08-08,760,11,0,0
2025-08-08,761,871,871,127140
2025-08-08,772,2,1,180
2025-08-08,786,3,0,0
2025-08-08,790,26,0,0
2025-08-08,794,5,0,0
2025-08-08,795,9,0,0
2025-08-08,796,7,0,0
2025-08-08,797,9,0,0
2025-08-08,798,30,0,0
2025-08-08,799,22,0,0
2025-08-08,801,22,0,0
2025-08-08,804,15,0,0
2025-08-08,805,9,0,0
2025-08-08,806,9,0,0
2025-08-08,807,5,0,0
2025-08-08,808,6,0,0
2025-08-08,817,32,4,28
2025-08-08,818,4,0,0
2025-08-08,824,65,0,0
2025-08-08,845,67,0,0
2025-08-08,850,65,0,0
2025-08-08,851,80,0,0
2025-08-08,854,11,2,127
2025-08-08,980,179,0,0
2025-08-08,990,69,15,105
2025-08-08,997,90,24,168
2025-08-08,1010,75,14,98
2025-08-08,1012,25,7,49
2025-08-08,1013,38,21,147
2025-08-08,1019,2,0,0
2025-08-08,1020,121,0,0
2025-08-08,1021,63,0,0
2025-08-08,1022,77,0,0
2025-08-08,1025,15,0,0
2025-08-08,1026,22,0,0
2025-08-08,1027,20,0,0
2025-08-08,1029,3,0,0
2025-08-08,1032,2,0,0
2025-08-08,1037,1,1,7
2025-08-08,1045,15,0,0
2025-08-08,1046,52,0,0
2025-08-08,1047,47,0,0
2025-08-08,1048,22,0,0
2025-08-09,12,30177,582,87300
2025-08-09,14,2390,265,40330
2025-08-09,22,2105,90,13470
2025-08-09,30,37,0,0
2025-08-09,32,5,0,0
2025-08-09,54,361,8,1370
2025-08-09,56,266,130,35710
2025-08-09,58,33521,33040,6224210
2025-08-09,108,133,0,0
2025-08-09,246,29,2,14
2025-08-09,270,564,113,2508
2025-08-09,281,15,0,0
2025-08-09,290,6,1,7
2025-08-09,291,1,1,7
2025-08-09,294,15,15,3200
2025-08-09,303,12,0,0
2025-08-09,324,15,0,0
2025-08-09,337,14,2,60
2025-08-09,340,19,0,0
2025-08-09,341,21,0,0
2025-08-09,342,28058,5469,1309840
2025-08-09,343,15010,2213,531120
2025-08-09,344,6220,593,142320
2025-08-09,371,577,275,2808
2025-08-09,375,14,0,0
2025-08-09,389,19,3,21
2025-08-09,396,20387,2690,645600
2025-08-09,397,336,6,1440
2025-08-09,398,59,29,4440
2025-08-09,401,2,1,180
2025-08-09,409,1,0,0
2025-08-09,442,10,0,0
2025-08-09,458,36,10,1680
2025-08-09,482,114,13,91
2025-08-09,492,8,7,69
2025-08-09,496,343,0,0
2025-08-09,539,1574,601,96160
2025-08-09,540,101,5,960
2025-08-09,562,476,476,38179
2025-08-09,563,17969,17969,1283321
2025-08-09,568,2,0,0
2025-08-09,578,6,0,0
2025-08-09,579,2,0,0
2025-08-09,582,5,0,0
2025-08-09,583,10,0,0
2025-08-09,621,2,0,0
2025-08-09,634,155,141,1596
2025-08-09,637,10,0,0
2025-08-09,638,5,0,0
2025-08-09,639,4,0,0
2025-08-09,643,7,0,0
2025-08-09,645,21,1,7
2025-08-09,646,6,0,0
2025-08-09,654,2,0,0
2025-08-09,655,3,0,0
2025-08-09,667,49,3,540
2025-08-09,674,4,0,0
2025-08-09,675,3,0,0
2025-08-09,676,227,0,0
2025-08-09,677,192,0,0
2025-08-09,678,10,0,0
2025-08-09,682,4,0,0
2025-08-09,683,1,0,0
2025-08-09,684,198,0,0
2025-08-09,685,234,0,0
2025-08-09,687,5,0,0
2025-08-09,688,3,0,0
2025-08-09,701,4,0,0
2025-08-09,702,10,0,0
2025-08-09,703,2,0,0
2025-08-09,725,237,0,0
2025-08-09,739,39,0,0
2025-08-09,740,12,0,0
2025-08-09,756,12,0,0
2025-08-09,757,21,0,0
2025-08-09,758,143,0,0
2025-08-09,760,251,0,0
2025-08-09,761,1033,1033,157060
2025-08-09,772,1,0,0
2025-08-09,790,23,0,0
2025-08-09,794,16,0,0
2025-08-09,795,15,0,0
2025-08-09,796,197,0,0
2025-08-09,797,122,0,0
2025-08-09,798,20,0,0
2025-08-09,799,19,0,0
2025-08-09,801,17,0,0
2025-08-09,804,10,0,0
2025-08-09,806,7,0,0
2025-08-09,807,4,0,0
2025-08-09,808,3,0,0
2025-08-09,817,23,1,7
2025-08-09,818,1,0,0
2025-08-09,824,47,0,0
2025-08-09,845,48,0,0
2025-08-09,850,49,0,0
2025-08-09,851,90,0,0
2025-08-09,854,4,1,7
2025-08-09,978,6,0,0
2025-08-09,980,437,0,0
2025-08-09,990,178,54,378
2025-08-09,997,94,18,126
2025-08-09,1010,104,22,154
2025-08-09,1012,29,9,63
2025-08-09,1013,99,29,203
2025-08-09,1019,4,1,7
2025-08-09,1020,108,0,0
2025-08-09,1021,81,0,0
2025-08-09,1022,77,0,0
2025-08-09,1025,124,0,0
2025-08-09,1026,66,0,0
2025-08-09,1027,37,0,0
2025-08-09,1029,58,0,0
2025-08-09,1032,12,0,0
2025-08-09,1045,7,0,0
2025-08-09,1046,49,0,0
2025-08-09,1047,41,0,0
2025-08-09,1048,6,0,0
2025-08-10,12,5916,334,50070
2025-08-10,14,987,39,5940
2025-08-10,18,1,0,0
2025-08-10,22,1225,34,5100
2025-08-10,30,25,0,0
2025-08-10,32,4,0,0
2025-08-10,54,280,2,152
2025-08-10,56,8,2,2600
2025-08-10,58,13488,12805,2374470
2025-08-10,246,27,0,0
2025-08-10,270,559,161,1334
2025-08-10,281,6,0,0
2025-08-10,291,4,0,0
2025-08-10,294,18,18,3740
2025-08-10,303,14,0,0
2025-08-10,324,16,0,0
2025-08-10,337,4,0,0
2025-08-10,340,20,0,0
2025-08-10,341,18,0,0
2025-08-10,342,7614,1020,244400
2025-08-10,343,5550,831,199440
2025-08-10,344,1791,180,43200
2025-08-10,356,1,0,0
2025-08-10,371,424,205,2101
2025-08-10,375,16,0,0
2025-08-10,389,33,2,14
2025-08-10,396,5050,675,162000
2025-08-10,398,37,10,1500
2025-08-10,401,1,0,0
2025-08-10,442,8,0,0
2025-08-10,458,37,7,1260
2025-08-10,480,1,0,0
2025-08-10,482,11,1,7
2025-08-10,492,14,14,140
2025-08-10,496,285,1,120
2025-08-10,539,479,218,34880
2025-08-10,540,33,0,0
2025-08-10,562,347,347,9642
2025-08-10,563,11783,11783,284234
2025-08-10,568,3,0,0
2025-08-10,578,4,0,0
2025-08-10,579,5,0,0
2025-08-10,582,7,0,0
2025-08-10,583,9,0,0
2025-08-10,621,7,0,0
2025-08-10,634,82,67,759
2025-08-10,637,8,0,0
2025-08-10,638,1,0,0
2025-08-10,639,5,0,0
2025-08-10,643,9,0,0
2025-08-10,645,30,4,28
2025-08-10,646,6,0,0
2025-08-10,654,2,0,0
2025-08-10,655,2,0,0
2025-08-10,667,29,0,0
2025-08-10,674,13,0,0
2025-08-10,675,1,0,0
2025-08-10,676,331,0,0
2025-08-10,677,160,0,0
2025-08-10,678,624,0,0
2025-08-10,682,3,0,0
2025-08-10,683,3,0,0
2025-08-10,684,207,0,0
2025-08-10,685,262,0,0
2025-08-10,686,1,0,0
2025-08-10,687,5,0,0
2025-08-10,688,2,0,0
2025-08-10,700,2,0,0
2025-08-10,701,1,0,0
2025-08-10,702,7,0,0
2025-08-10,703,2,0,0
2025-08-10,725,242,0,0
2025-08-10,739,23,0,0
2025-08-10,740,7,0,0
2025-08-10,756,607,0,0
2025-08-10,757,499,0,0
2025-08-10,758,171,0,0
2025-08-10,760,202,0,0
2025-08-10,761,208,208,34840
2025-08-10,772,6,0,0
2025-08-10,790,28,0,0
2025-08-10,794,26,0,0
2025-08-10,795,12,0,0
2025-08-10,796,254,0,0
2025-08-10,797,203,0,0
2025-08-10,798,30,0,0
2025-08-10,799,30,0,0
2025-08-10,801,11,0,0
2025-08-10,804,10,0,0
2025-08-10,805,5,0,0
2025-08-10,806,4,0,0
2025-08-10,807,1,0,0
2025-08-10,808,5,0,0
2025-08-10,817,30,1,7
2025-08-10,818,5,0,0
2025-08-10,824,96,0,0
2025-08-10,845,62,0,0
2025-08-10,850,57,0,0
2025-08-10,851,55,0,0
2025-08-10,854,22,0,0
2025-08-10,980,237,0,0
2025-08-10,990,218,60,420
2025-08-10,997,222,70,490
2025-08-10,1010,161,55,385
2025-08-10,1012,120,32,224
2025-08-10,1013,158,55,385
2025-08-10,1019,4,2,14
2025-08-10,1020,99,0,0
2025-08-10,1021,64,0,0
2025-08-10,1022,69,0,0
2025-08-10,1025,192,0,0
2025-08-10,1026,84,0,0
2025-08-10,1027,13,0,0
2025-08-10,1029,71,0,0
2025-08-10,1032,2,0,0
2025-08-10,1045,8,0,0
2025-08-10,1046,55,0,0
2025-08-10,1047,75,0,0
2025-08-10,1048,9,0,0
2025-08-11,12,61,15,2220
2025-08-11,14,875,30,4430
2025-08-11,18,4,0,0
2025-08-11,22,353,1,120
2025-08-11,30,5,0,0
2025-08-11,32,8,0,0
2025-08-11,54,240,0,0
2025-08-11,56,23,8,8300
2025-08-11,58,79,28,35100
2025-08-11,87,1,0,0
2025-08-11,246,31,0,0
2025-08-11,270,1195,243,1702
2025-08-11,290,2,0,0
2025-08-11,294,23,23,9500
2025-08-11,303,16,0,0
2025-08-11,324,17,0,0
2025-08-11,337,2,0,0
2025-08-11,340,22,0,0
2025-08-11,341,13,0,0
2025-08-11,342,77,0,0
2025-08-11,343,163,0,0
2025-08-11,344,31,0,0
2025-08-11,356,14,0,0
2025-08-11,371,414,198,1994
2025-08-11,375,9,0,0
2025-08-11,384,103,15,15000
2025-08-11,385,21,4,4000
2025-08-11,389,28,2,14
2025-08-11,396,35,0,0
2025-08-11,397,17,0,0
2025-08-11,398,20,4,720
2025-08-11,401,2,0,0
2025-08-11,442,1,0,0
2025-08-11,458,22,5,840
2025-08-11,482,28,0,0
2025-08-11,492,29,28,309
2025-08-11,496,353,5,840
2025-08-11,539,100,0,0
2025-08-11,540,79,0,0
2025-08-11,562,303,303,15432
2025-08-11,563,10317,10317,161435
2025-08-11,568,2,0,0
2025-08-11,578,2,0,0
2025-08-11,579,4,0,0
2025-08-11,582,8,0,0
2025-08-11,583,11,0,0
2025-08-11,621,3,0,0
2025-08-11,634,187,181,2008
2025-08-11,637,8,0,0
2025-08-11,638,3,0,0
2025-08-11,639,2,0,0
2025-08-11,643,2,0,0
2025-08-11,645,41,3,21
2025-08-11,646,3,0,0
2025-08-11,651,4,0,0
2025-08-11,654,2,0,0
2025-08-11,655,5,0,0
2025-08-11,667,151,1,120
2025-08-11,674,5,0,0
2025-08-11,675,1,0,0
2025-08-11,676,212,0,0
2025-08-11,677,111,0,0
2025-08-11,678,448,0,0
2025-08-11,682,3,0,0
2025-08-11,683,2,0,0
2025-08-11,684,162,0,0
2025-08-11,685,180,0,0
2025-08-11,687,3,0,0
2025-08-11,688,3,0,0
2025-08-11,700,1,0,0
2025-08-11,701,2,0,0
2025-08-11,702,10,0,0
2025-08-11,703,4,0,0
2025-08-11,711,1,0,0
2025-08-11,714,1,0,0
2025-08-11,725,118,0,0
2025-08-11,739,19,0,0
2025-08-11,740,7,0,0
2025-08-11,756,453,0,0
2025-08-11,757,370,0,0
2025-08-11,758,155,0,0
2025-08-11,760,119,0,0
2025-08-11,761,221,221,27290
2025-08-11,772,2,0,0
2025-08-11,785,1,0,0
2025-08-11,790,13,0,0
2025-08-11,794,18,0,0
2025-08-11,795,15,0,0
2025-08-11,796,135,0,0
2025-08-11,797,97,0,0
2025-08-11,798,33,0,0
2025-08-11,799,27,0,0
2025-08-11,801,18,0,0
2025-08-11,804,8,0,0
2025-08-11,805,1,0,0
2025-08-11,806,3,0,0
2025-08-11,807,3,0,0
2025-08-11,808,3,0,0
2025-08-11,817,35,1,7
2025-08-11,818,5,0,0
2025-08-11,824,110,0,0
2025-08-11,845,70,0,0
2025-08-11,850,42,0,0
2025-08-11,851,43,0,0
2025-08-11,854,6,0,0
2025-08-11,978,2,0,0
2025-08-11,980,943,73,64870
2025-08-11,990,191,47,329
2025-08-11,997,101,29,203
2025-08-11,1010,195,50,350
2025-08-11,1012,172,52,364
2025-08-11,1013,188,52,364
2025-08-11,1020,97,0,0
2025-08-11,1021,79,0,0
2025-08-11,1022,84,0,0
2025-08-11,1025,109,0,0
2025-08-11,1026,70,0,0
2025-08-11,1027,19,0,0
2025-08-11,1029,61,0,0
2025-08-11,1032,12,0,0
2025-08-11,1045,12,0,0
2025-08-11,1046,56,0,0
2025-08-11,1047,72,0,0
2025-08-11,1048,8,0,0
2025-08-11,1050,1,0,0
2025-08-11,1061,2,0,0
2025-08-12,12,92,21,3240
2025-08-12,14,405,58,11130
2025-08-12,18,2,0,0
2025-08-12,22,416,19,3260
2025-08-12,30,1,0,0
2025-08-12,32,5,0,0
2025-08-12,54,253,4,720
2025-08-12,56,400,69,18480
2025-08-12,58,50,4,8200
2025-08-12,246,41,1,7
2025-08-12,270,556,90,1424
2025-08-12,281,13,0,0
2025-08-12,294,26,26,8250
2025-08-12,303,215,0,0
2025-08-12,324,205,0,0
2025-08-12,337,53,6,720
2025-08-12,340,267,0,0
2025-08-12,341,161,0,0
2025-08-12,342,779,105,25200
2025-08-12,343,518,55,13200
2025-08-12,344,136,5,1200
2025-08-12,356,6,0,0
2025-08-12,371,354,178,1847
2025-08-12,375,4,0,0
2025-08-12,384,42,8,8000
2025-08-12,385,24,8,8000
2025-08-12,389,30,4,28
2025-08-12,396,31,0,0
2025-08-12,397,516,12,2880
2025-08-12,398,41,16,2180
2025-08-12,401,2,0,0
2025-08-12,442,3,0,0
2025-08-12,458,20,7,1260
2025-08-12,482,13,0,0
2025-08-12,492,12,12,144
2025-08-12,496,531,8,1320
2025-08-12,539,80,6,1080
2025-08-12,540,150,24,4800
2025-08-12,562,504,504,28060
2025-08-12,563,9800,9800,163319
2025-08-12,578,77,0,0
2025-08-12,579,207,0,0
2025-08-12,582,61,0,0
2025-08-12,583,9,0,0
2025-08-12,621,227,0,0
2025-08-12,634,122,116,1278
2025-08-12,637,126,0,0
2025-08-12,638,47,0,0
2025-08-12,639,48,0,0
2025-08-12,643,5,0,0
2025-08-12,645,43,2,14
2025-08-12,646,62,0,0
2025-08-12,651,3,0,0
2025-08-12,652,2,0,0
2025-08-12,667,147,4,720
2025-08-12,674,150,0,0
2025-08-12,675,152,0,0
2025-08-12,676,143,0,0
2025-08-12,677,121,0,0
2025-08-12,678,280,0,0
2025-08-12,682,103,0,0
2025-08-12,683,106,0,0
2025-08-12,684,104,0,0
2025-08-12,685,78,0,0
2025-08-12,687,65,0,0
2025-08-12,688,57,0,0
2025-08-12,700,62,0,0
2025-08-12,701,238,0,0
2025-08-12,702,88,0,0
2025-08-12,703,42,0,0
2025-08-12,714,1,0,0
2025-08-12,725,33,0,0
2025-08-12,739,92,0,0
2025-08-12,740,40,0,0
2025-08-12,756,319,0,0
2025-08-12,757,206,0,0
2025-08-12,758,84,0,0
2025-08-12,760,48,0,0
2025-08-12,761,194,194,38200
2025-08-12,772,2,0,0
2025-08-12,790,14,0,0
2025-08-12,794,128,0,0
2025-08-12,795,146,0,0
2025-08-12,796,39,0,0
2025-08-12,797,38,0,0
2025-08-12,798,134,0,0
2025-08-12,799,133,0,0
2025-08-12,801,138,0,0
2025-08-12,804,38,0,0
2025-08-12,805,144,0,0
2025-08-12,806,280,0,0
2025-08-12,807,85,0,0
2025-08-12,808,115,0,0
2025-08-12,817,48,3,21
2025-08-12,818,5,0,0
2025-08-12,824,204,0,0
2025-08-12,845,210,0,0
2025-08-12,850,128,0,0
2025-08-12,851,117,0,0
2025-08-12,854,18,1,7
2025-08-12,980,6,0,0
2025-08-12,990,172,50,350
2025-08-12,997,61,12,84
2025-08-12,1010,151,28,196
2025-08-12,1012,106,41,287
2025-08-12,1013,141,40,280
2025-08-12,1019,1,0,0
2025-08-12,1020,304,0,0
2025-08-12,1021,190,0,0
2025-08-12,1022,172,0,0
2025-08-12,1025,74,0,0
2025-08-12,1026,46,0,0
2025-08-12,1027,29,0,0
2025-08-12,1029,33,0,0
2025-08-12,1032,36,0,0
2025-08-12,1037,1,0,0
2025-08-12,1045,156,0,0
2025-08-12,1046,160,0,0
2025-08-12,1047,198,0,0
2025-08-12,1048,52,0,0
2025-08-13,12,159,38,5640
2025-08-13,14,465,67,11340
2025-08-13,18,5,0,0
2025-08-13,22,443,6,1020
2025-08-13,30,1,0,0
2025-08-13,32,1,0,0
2025-08-13,54,256,9,1560
2025-08-13,56,538,78,17940
2025-08-13,58,59,0,0
2025-08-13,87,10,0,0
2025-08-13,246,42,0,0
2025-08-13,270,1709,176,1551
2025-08-13,281,2,0,0
2025-08-13,290,1,0,0
2025-08-13,294,21,21,11320
2025-08-13,303,308,0,0
2025-08-13,324,309,0,0
2025-08-13,337,8,2,60
2025-08-13,340,285,0,0
2025-08-13,341,294,0,0
2025-08-13,342,1245,158,37920
2025-08-13,343,685,77,18480
2025-08-13,344,189,12,2880
2025-08-13,356,6,0,0
2025-08-13,371,296,144,1482
2025-08-13,375,1,0,0
2025-08-13,384,37,7,7000
2025-08-13,385,26,3,3000
2025-08-13,389,30,0,0
2025-08-13,396,37,0,0
2025-08-13,397,580,13,3120
2025-08-13,398,36,6,1460
2025-08-13,401,3,0,0
2025-08-13,458,36,13,2340
2025-08-13,482,225,35,2148
2025-08-13,492,14,14,162
2025-08-13,496,3224,25,4440
2025-08-13,539,99,8,1440
2025-08-13,540,159,16,3120
2025-08-13,562,463,463,39089
2025-08-13,563,10003,10003,145945
2025-08-13,578,109,0,0
2025-08-13,579,318,0,0
2025-08-13,582,100,0,0
2025-08-13,583,18,1,200
2025-08-13,621,189,0,0
2025-08-13,634,147,137,1533
2025-08-13,637,292,0,0
2025-08-13,638,89,0,0
2025-08-13,639,93,0,0
2025-08-13,643,5,0,0
2025-08-13,645,29,2,14
2025-08-13,646,76,0,0
2025-08-13,651,2,0,0
2025-08-13,652,2,0,0
2025-08-13,654,1,0,0
2025-08-13,655,3,0,0
2025-08-13,667,210,12,2160
2025-08-13,674,189,0,0
2025-08-13,675,217,0,0
2025-08-13,676,68,0,0
2025-08-13,677,57,0,0
2025-08-13,678,392,0,0
2025-08-13,682,158,0,0
2025-08-13,683,219,0,0
2025-08-13,684,53,0,0
2025-08-13,685,53,0,0
2025-08-13,686,2,0,0
2025-08-13,687,78,0,0
2025-08-13,688,71,0,0
2025-08-13,700,103,0,0
2025-08-13,701,380,0,0
2025-08-13,702,125,0,0
2025-08-13,703,65,0,0
2025-08-13,714,1,0,0
2025-08-13,725,22,0,0
2025-08-13,739,129,0,0
2025-08-13,740,62,0,0
2025-08-13,756,404,0,0
2025-08-13,757,418,0,0
2025-08-13,758,55,0,0
2025-08-13,760,30,0,0
2025-08-13,761,110,110,43660
2025-08-13,772,4,1,120
2025-08-13,785,1,0,0
2025-08-13,790,17,0,0
2025-08-13,794,172,0,0
2025-08-13,795,187,0,0
2025-08-13,796,23,0,0
2025-08-13,797,27,0,0
2025-08-13,798,199,0,0
2025-08-13,799,223,0,0
2025-08-13,801,288,0,0
2025-08-13,804,61,0,0
2025-08-13,805,242,0,0
2025-08-13,806,277,0,0
2025-08-13,807,94,0,0
2025-08-13,808,121,0,0
2025-08-13,817,52,5,35
2025-08-13,818,1,0,0
2025-08-13,824,281,0,0
2025-08-13,845,272,0,0
2025-08-13,850,151,0,0
2025-08-13,851,146,0,0
2025-08-13,854,12,1,7
2025-08-13,980,9,0,0
2025-08-13,990,143,31,217
2025-08-13,997,34,9,63
2025-08-13,1010,130,33,231
2025-08-13,1012,73,15,105
2025-08-13,1013,97,33,231
2025-08-13,1019,2,0,0
2025-08-13,1020,353,0,0
2025-08-13,1021,240,0,0
2025-08-13,1022,250,0,0
2025-08-13,1025,41,0,0
2025-08-13,1026,37,0,0
2025-08-13,1027,22,0,0
2025-08-13,1029,43,0,0
2025-08-13,1030,7,0,0
2025-08-13,1032,82,0,0
2025-08-13,1037,1,0,0
2025-08-13,1045,228,0,0
2025-08-13,1046,250,0,0
2025-08-13,1047,224,0,0
2025-08-13,1048,102,0,0
2025-08-14,12,75,26,5240
2025-08-14,14,1060,125,51940
2025-08-14,18,1,0,0
2025-08-14,22,500,15,4420
2025-08-14,30,2,0,0
2025-08-14,32,43,0,0
2025-08-14,54,221,21,3780
2025-08-14,56,396,51,11730
2025-08-14,58,40,0,0
2025-08-14,87,1,0,0
2025-08-14,246,38,10,1200
2025-08-14,270,573,114,5147
2025-08-14,291,2,0,0
2025-08-14,294,32,32,12130
2025-08-14,303,435,0,0
2025-08-14,324,409,0,0
2025-08-14,337,9,1,30
2025-08-14,340,453,0,0
2025-08-14,341,553,0,0
2025-08-14,342,1121,132,31680
2025-08-14,343,956,89,21360
2025-08-14,344,130,7,1680
2025-08-14,356,18,0,0
2025-08-14,371,298,153,1593
2025-08-14,374,1,0,0
2025-08-14,375,12,0,0
2025-08-14,384,184,64,64000
2025-08-14,385,16,4,4000
2025-08-14,389,22,0,0
2025-08-14,396,21,0,0
2025-08-14,397,536,12,2880
2025-08-14,398,66,11,2320
2025-08-14,401,1,0,0
2025-08-14,437,1,0,0
2025-08-14,458,22,7,1140
2025-08-14,482,60,0,0
2025-08-14,496,2559,1,180
2025-08-14,539,239,26,6500
2025-08-14,540,208,15,2880
2025-08-14,562,658,658,83811
2025-08-14,563,10173,10173,390055
2025-08-14,578,231,0,0
2025-08-14,579,390,0,0
2025-08-14,582,230,0,0
2025-08-14,583,13,0,0
2025-08-14,621,195,0,0
2025-08-14,634,117,106,1282
2025-08-14,637,270,0,0
2025-08-14,638,105,0,0
2025-08-14,639,114,0,0
2025-08-14,643,5,0,0
2025-08-14,645,11,0,0
2025-08-14,646,166,0,0
2025-08-14,651,2,0,0
2025-08-14,652,1,0,0
2025-08-14,654,579,0,0
2025-08-14,667,81,3,540
2025-08-14,674,181,0,0
2025-08-14,675,282,0,0
2025-08-14,676,153,0,0
2025-08-14,677,106,0,0
2025-08-14,678,478,0,0
2025-08-14,682,142,0,0
2025-08-14,683,209,0,0
2025-08-14,684,97,0,0
2025-08-14,685,123,0,0
2025-08-14,686,1,0,0
2025-08-14,687,104,0,0
2025-08-14,688,138,0,0
2025-08-14,700,194,0,0
2025-08-14,701,324,0,0
2025-08-14,702,252,0,0
2025-08-14,703,124,0,0
2025-08-14,711,2,0,0
2025-08-14,725,105,0,0
2025-08-14,739,177,0,0
2025-08-14,740,94,0,0
2025-08-14,756,507,0,0
2025-08-14,757,474,0,0
2025-08-14,758,104,0,0
2025-08-14,760,33,0,0
2025-08-14,761,103,103,83680
2025-08-14,772,7,1,120
2025-08-14,785,2,0,0
2025-08-14,790,16,0,0
2025-08-14,794,258,0,0
2025-08-14,795,202,0,0
2025-08-14,796,41,0,0
2025-08-14,797,54,0,0
2025-08-14,798,233,0,0
2025-08-14,799,269,0,0
2025-08-14,801,505,0,0
2025-08-14,804,88,0,0
2025-08-14,805,262,0,0
2025-08-14,806,320,0,0
2025-08-14,807,165,0,0
2025-08-14,808,191,0,0
2025-08-14,817,31,0,0
2025-08-14,818,2,0,0
2025-08-14,824,452,0,0
2025-08-14,845,425,0,0
2025-08-14,850,268,0,0
2025-08-14,851,259,0,0
2025-08-14,854,10,0,0
2025-08-14,978,1,0,0
2025-08-14,980,3,0,0
2025-08-14,990,48,0,0
2025-08-14,997,8,0,0
2025-08-14,1010,14,0,0
2025-08-14,1012,2,0,0
2025-08-14,1013,31,0,0
2025-08-14,1020,572,0,0
2025-08-14,1021,317,0,0
2025-08-14,1022,309,0,0
2025-08-14,1025,61,0,0
2025-08-14,1026,42,0,0
2025-08-14,1027,41,0,0
2025-08-14,1029,158,0,0
2025-08-14,1030,9,0,0
2025-08-14,1032,103,0,0
2025-08-14,1045,285,0,0
2025-08-14,1046,414,0,0
2025-08-14,1047,303,0,0
2025-08-14,1048,89,0,0
2025-08-14,1061,1,0,0
2025-08-15,12,127,30,4260
2025-08-15,14,840,53,11260
2025-08-15,18,1,0,0
2025-08-15,22,376,36,17920
2025-08-15,30,1,0,0
2025-08-15,32,33,0,0
2025-08-15,54,214,12,2180
2025-08-15,56,345,53,12190
2025-08-15,58,44,0,0
2025-08-15,87,1,0,0
2025-08-15,108,24,0,0
2025-08-15,246,37,4,480
2025-08-15,270,1660,155,2045
2025-08-15,281,3,0,0
2025-08-15,290,1,0,0
2025-08-15,294,12,12,7780
2025-08-15,303,380,0,0
2025-08-15,324,391,0,0
2025-08-15,337,1,0,0
2025-08-15,340,476,0,0
2025-08-15,341,468,0,0
2025-08-15,342,908,105,25200
2025-08-15,343,1019,107,25680
2025-08-15,344,142,11,2640
2025-08-15,356,24,0,0
2025-08-15,371,240,111,1146
2025-08-15,375,6,0,0
2025-08-15,384,220,58,58000
2025-08-15,385,12,3,3000
2025-08-15,389,25,0,0
2025-08-15,396,31,0,0
2025-08-15,397,642,12,2880
2025-08-15,398,65,4,1420
2025-08-15,401,7,0,0
2025-08-15,442,1,0,0
2025-08-15,458,18,7,1200
2025-08-15,482,121,0,0
2025-08-15,492,25,25,290
2025-08-15,496,2755,40,7140
2025-08-15,539,245,42,28140
2025-08-15,540,198,18,3480
2025-08-15,562,497,497,67855
2025-08-15,563,8117,8117,280806
2025-08-15,564,1,0,0
2025-08-15,578,264,0,0
2025-08-15,579,307,0,0
2025-08-15,582,231,0,0
2025-08-15,583,8,0,0
2025-08-15,621,297,0,0
2025-08-15,630,3,0,0
2025-08-15,634,77,71,835
2025-08-15,637,173,0,0
2025-08-15,638,91,0,0
2025-08-15,639,62,0,0
2025-08-15,643,8,0,0
2025-08-15,645,15,0,0
2025-08-15,646,123,0,0
2025-08-15,651,1,0,0
2025-08-15,654,487,0,0
2025-08-15,655,4,0,0
2025-08-15,667,122,6,1020
2025-08-15,671,3,0,0
2025-08-15,674,204,0,0
2025-08-15,675,179,0,0
2025-08-15,676,129,0,0
2025-08-15,677,54,0,0
2025-08-15,678,276,0,0
2025-08-15,682,171,0,0
2025-08-15,683,210,0,0
2025-08-15,684,76,0,0
2025-08-15,685,91,0,0
2025-08-15,687,106,0,0
2025-08-15,688,130,0,0
2025-08-15,700,185,0,0
2025-08-15,701,200,0,0
2025-08-15,702,235,0,0
2025-08-15,703,113,0,0
2025-08-15,711,13,0,0
2025-08-15,716,1,0,0
2025-08-15,718,1,0,0
2025-08-15,725,84,0,0
2025-08-15,739,162,0,0
2025-08-15,740,103,0,0
2025-08-15,756,284,0,0
2025-08-15,757,230,0,0
2025-08-15,758,83,0,0
2025-08-15,760,39,0,0
2025-08-15,761,133,133,32920
2025-08-15,772,1,0,0
2025-08-15,790,15,0,0
2025-08-15,794,220,0,0
2025-08-15,795,220,0,0
2025-08-15,796,35,0,0
2025-08-15,797,41,0,0
2025-08-15,798,205,0,0
2025-08-15,799,213,0,0
2025-08-15,801,379,0,0
2025-08-15,804,84,0,0
2025-08-15,805,179,0,0
2025-08-15,806,310,0,0
2025-08-15,807,131,0,0
2025-08-15,808,188,0,0
2025-08-15,812,1,0,0
2025-08-15,817,29,0,0
2025-08-15,818,3,0,0
2025-08-15,824,379,0,0
2025-08-15,825,111,0,0
2025-08-15,826,115,0,0
2025-08-15,827,124,0,0
2025-08-15,828,96,0,0
2025-08-15,845,337,0,0
2025-08-15,849,1,0,0
2025-08-15,850,242,0,0
2025-08-15,851,250,0,0
2025-08-15,854,10,0,0
2025-08-15,980,5,0,0
2025-08-15,990,12,0,0
2025-08-15,997,7,0,0
2025-08-15,1010,12,0,0
2025-08-15,1012,7,0,0
2025-08-15,1013,14,0,0
2025-08-15,1020,400,0,0
2025-08-15,1021,200,0,0
2025-08-15,1022,212,0,0
2025-08-15,1025,105,0,0
2025-08-15,1026,28,0,0
2025-08-15,1027,63,0,0
2025-08-15,1029,162,0,0
2025-08-15,1030,9,0,0
2025-08-15,1032,219,0,0
2025-08-15,1045,262,0,0
2025-08-15,1046,327,0,0
2025-08-15,1047,337,0,0
2025-08-15,1048,49,0,0
2025-08-16,12,152,38,5700
2025-08-16,14,626,58,8910
2025-08-16,18,4,0,0
2025-08-16,22,324,28,5060
2025-08-16,30,2,0,0
2025-08-16,32,8,0,0
2025-08-16,54,182,14,2600
2025-08-16,56,336,51,11730
2025-08-16,58,57,0,0
2025-08-16,108,64,0,0
2025-08-16,246,36,4,480
2025-08-16,270,391,68,752
2025-08-16,281,7,0,0
2025-08-16,294,25,25,8240
2025-08-16,303,257,0,0
2025-08-16,324,269,0,0
2025-08-16,340,352,0,0
2025-08-16,341,257,0,0
2025-08-16,342,904,110,26400
2025-08-16,343,1149,110,26400
2025-08-16,344,166,5,1200
2025-08-16,356,5,0,0
2025-08-16,371,321,174,1829
2025-08-16,375,7,0,0
2025-08-16,384,25,3,3000
2025-08-16,385,14,4,4000
2025-08-16,389,20,0,0
2025-08-16,396,40,0,0
2025-08-16,397,574,10,2400
2025-08-16,398,27,4,540
2025-08-16,401,1,0,0
2025-08-16,442,1,0,0
2025-08-16,458,29,6,1020
2025-08-16,482,196,19,1899
2025-08-16,492,20,20,230
2025-08-16,496,1817,55,9800
2025-08-16,539,111,14,2600
2025-08-16,540,199,15,2880
2025-08-16,562,328,328,32605
2025-08-16,563,7799,7799,119482
2025-08-16,578,192,0,0
2025-08-16,579,210,0,0
2025-08-16,582,210,0,0
2025-08-16,583,13,0,0
2025-08-16,621,238,0,0
2025-08-16,634,75,67,769
2025-08-16,637,170,0,0
2025-08-16,638,81,0,0
2025-08-16,639,78,0,0
2025-08-16,643,3,0,0
2025-08-16,645,17,0,0
2025-08-16,646,77,0,0
2025-08-16,651,3,0,0
2025-08-16,654,1,0,0
2025-08-16,655,1,0,0
2025-08-16,667,120,9,1380
2025-08-16,671,327,0,0
2025-08-16,672,383,0,0
2025-08-16,674,152,0,0
2025-08-16,675,157,0,0
2025-08-16,676,52,0,0
2025-08-16,677,53,0,0
2025-08-16,678,157,0,0
2025-08-16,682,135,0,0
2025-08-16,683,142,0,0
2025-08-16,684,28,0,0
2025-08-16,685,43,0,0
2025-08-16,686,1,0,0
2025-08-16,687,60,0,0
2025-08-16,688,92,0,0
2025-08-16,700,104,0,0
2025-08-16,701,230,0,0
2025-08-16,702,278,0,0
2025-08-16,703,112,0,0
2025-08-16,714,3,0,0
2025-08-16,715,11,0,0
2025-08-16,716,57,0,0
2025-08-16,718,123,0,0
2025-08-16,725,39,0,0
2025-08-16,739,184,0,0
2025-08-16,740,79,0,0
2025-08-16,756,195,0,0
2025-08-16,757,134,0,0
2025-08-16,758,17,0,0
2025-08-16,760,18,0,0
2025-08-16,761,109,109,23830
2025-08-16,772,2,0,0
2025-08-16,790,22,0,0
2025-08-16,794,180,0,0
2025-08-16,795,159,0,0
2025-08-16,796,20,0,0
2025-08-16,797,14,0,0
2025-08-16,798,170,0,0
2025-08-16,799,174,0,0
2025-08-16,801,501,0,0
2025-08-16,804,60,0,0
2025-08-16,805,152,0,0
2025-08-16,806,135,0,0
2025-08-16,807,72,0,0
2025-08-16,808,118,0,0
2025-08-16,812,207,0,0
2025-08-16,817,21,0,0
2025-08-16,818,8,0,0
2025-08-16,824,318,0,0
2025-08-16,825,157,0,0
2025-08-16,826,175,0,0
2025-08-16,827,177,0,0
2025-08-16,828,111,0,0
2025-08-16,844,98,0,0
2025-08-16,845,284,0,0
2025-08-16,848,219,0,0
2025-08-16,849,133,0,0
2025-08-16,850,293,0,0
2025-08-16,851,292,0,0
2025-08-16,854,5,0,0
2025-08-16,980,9,0,0
2025-08-16,990,19,0,0
2025-08-16,997,4,0,0
2025-08-16,1010,13,0,0
2025-08-16,1012,10,0,0
2025-08-16,1013,7,0,0
2025-08-16,1020,497,0,0
2025-08-16,1021,165,0,0
2025-08-16,1022,205,0,0
2025-08-16,1025,24,0,0
2025-08-16,1026,13,0,0
2025-08-16,1027,14,0,0
2025-08-16,1029,149,0,0
2025-08-16,1030,9,0,0
2025-08-16,1032,74,0,0
2025-08-16,1045,179,0,0
2025-08-16,1046,284,0,0
2025-08-16,1047,349,0,0
2025-08-16,1048,68,0,0
2025-08-17,12,68,22,3000
2025-08-17,14,625,74,11980
2025-08-17,18,2,0,0
2025-08-17,22,316,26,4560
2025-08-17,30,1,0,0
2025-08-17,32,4,0,0
2025-08-17,54,204,10,1880
2025-08-17,56,212,32,7360
2025-08-17,58,57,0,0
2025-08-17,108,51,0,0
2025-08-17,246,18,0,0
2025-08-17,270,638,90,1015
2025-08-17,281,4,0,0
2025-08-17,290,1,0,0
2025-08-17,294,35,35,11300
2025-08-17,303,294,0,0
2025-08-17,324,260,0,0
2025-08-17,337,1,0,0
2025-08-17,340,337,0,0
2025-08-17,341,261,0,0
2025-08-17,342,737,89,21360
2025-08-17,343,1003,107,25680
2025-08-17,344,145,13,3120
2025-08-17,356,13,0,0
2025-08-17,371,306,162,1845
2025-08-17,375,7,0,0
2025-08-17,384,19,4,4000
2025-08-17,385,17,2,2000
2025-08-17,389,25,0,0
2025-08-17,396,33,0,0
2025-08-17,397,508,12,2880
2025-08-17,398,33,4,480
2025-08-17,401,3,0,0
2025-08-17,458,23,5,840
2025-08-17,482,142,0,0
2025-08-17,492,7,7,82
2025-08-17,496,598,17,2940
2025-08-17,539,97,14,2640
2025-08-17,540,156,17,3360
2025-08-17,562,412,412,39767
2025-08-17,563,7853,7853,118188
2025-08-17,564,5,0,0
2025-08-17,578,232,0,0
2025-08-17,579,246,0,0
2025-08-17,582,135,0,0
2025-08-17,583,11,0,0
2025-08-17,621,105,0,0
2025-08-17,634,101,93,1072
2025-08-17,637,73,0,0
2025-08-17,638,113,0,0
2025-08-17,639,94,0,0
2025-08-17,643,6,0,0
2025-08-17,645,19,0,0
2025-08-17,646,25,0,0
2025-08-17,651,2,0,0
2025-08-17,654,2,0,0
2025-08-17,655,4,0,0
2025-08-17,667,96,1,180
2025-08-17,671,360,0,0
2025-08-17,672,396,0,0
2025-08-17,674,191,0,0
2025-08-17,675,144,0,0
2025-08-17,676,39,0,0
2025-08-17,677,27,0,0
2025-08-17,678,160,0,0
2025-08-17,682,87,0,0
2025-08-17,683,167,0,0
2025-08-17,684,42,0,0
2025-08-17,685,55,0,0
2025-08-17,686,1,0,0
2025-08-17,687,68,0,0
2025-08-17,688,77,0,0
2025-08-17,700,141,0,0
2025-08-17,701,278,0,0
2025-08-17,702,208,0,0
2025-08-17,703,81,0,0
2025-08-17,715,12,0,0
2025-08-17,716,40,0,0
2025-08-17,718,191,0,0
2025-08-17,725,14,0,0
2025-08-17,739,145,0,0
2025-08-17,740,67,0,0
2025-08-17,756,169,0,0
2025-08-17,757,191,0,0
2025-08-17,758,29,0,0
2025-08-17,760,25,0,0
2025-08-17,761,140,140,14750
2025-08-17,772,9,2,240
2025-08-17,790,19,0,0
2025-08-17,794,152,0,0
2025-08-17,795,183,0,0
2025-08-17,796,24,0,0
2025-08-17,797,19,0,0
2025-08-17,798,166,0,0
2025-08-17,799,179,0,0
2025-08-17,801,518,0,0
2025-08-17,804,59,0,0
2025-08-17,805,173,0,0
2025-08-17,806,225,0,0
2025-08-17,807,58,0,0
2025-08-17,808,179,0,0
2025-08-17,812,250,0,0
2025-08-17,817,45,0,0
2025-08-17,818,5,0,0
2025-08-17,824,268,0,0
2025-08-17,825,148,0,0
2025-08-17,826,152,0,0
2025-08-17,827,187,0,0
2025-08-17,828,112,0,0
2025-08-17,844,142,0,0
2025-08-17,845,261,0,0
2025-08-17,848,301,0,0
2025-08-17,849,198,0,0
2025-08-17,850,246,0,0
2025-08-17,851,221,0,0
2025-08-17,854,7,0,0
2025-08-17,980,2,0,0
2025-08-17,990,15,0,0
2025-08-17,997,8,0,0
2025-08-17,1010,19,0,0
2025-08-17,1012,8,0,0
2025-08-17,1013,14,0,0
2025-08-17,1020,592,0,0
2025-08-17,1021,224,0,0
2025-08-17,1022,226,0,0
2025-08-17,1025,16,0,0
2025-08-17,1026,17,0,0
2025-08-17,1027,9,0,0
2025-08-17,1029,43,0,0
2025-08-17,1030,6,0,0
2025-08-17,1032,18,0,0
2025-08-17,1045,155,0,0
2025-08-17,1046,239,0,0
2025-08-17,1047,326,0,0
2025-08-17,1048,62,0,0
2025-08-18,12,326,20,3540
2025-08-18,14,474,41,6760
2025-08-18,18,3,0,0
2025-08-18,22,441,23,4100
2025-08-18,30,117,0,0
2025-08-18,32,4,0,0
2025-08-18,54,182,9,1640
2025-08-18,56,254,26,5980
2025-08-18,58,52,2,6400
2025-08-18,73,1,0,0
2025-08-18,108,107,0,0
2025-08-18,246,28,6,660
2025-08-18,270,740,111,2907
2025-08-18,281,1,0,0
2025-08-18,294,23,23,7040
2025-08-18,303,379,0,0
2025-08-18,324,373,0,0
2025-08-18,337,1,0,0
2025-08-18,340,290,0,0
2025-08-18,341,239,0,0
2025-08-18,342,579,65,15600
2025-08-18,343,638,77,18480
2025-08-18,344,86,7,1680
2025-08-18,356,29,2,340
2025-08-18,371,304,154,1581
2025-08-18,375,3,0,0
2025-08-18,384,19,6,6000
2025-08-18,385,50,4,2340
2025-08-18,389,22,0,0
2025-08-18,396,38,0,0
2025-08-18,397,401,8,1920
2025-08-18,398,30,9,1290
2025-08-18,401,1,0,0
2025-08-18,442,1,0,0
2025-08-18,458,24,6,1020
2025-08-18,482,257,10,1800
2025-08-18,492,10,10,100
2025-08-18,496,859,38,6720
2025-08-18,539,120,10,1840
2025-08-18,540,241,10,1920
2025-08-18,562,531,531,57921
2025-08-18,563,6909,6909,106570
2025-08-18,564,1,0,0
2025-08-18,578,249,0,0
2025-08-18,579,319,0,0
2025-08-18,582,116,0,0
2025-08-18,583,7,0,0
2025-08-18,621,369,0,0
2025-08-18,634,98,97,1072
2025-08-18,637,285,0,0
2025-08-18,638,100,0,0
2025-08-18,639,70,0,0
2025-08-18,643,7,0,0
2025-08-18,645,13,0,0
2025-08-18,646,114,0,0
2025-08-18,651,1,0,0
2025-08-18,654,1,0,0
2025-08-18,655,4,1,120
2025-08-18,667,93,3,450
2025-08-18,671,405,0,0
2025-08-18,672,504,0,0
2025-08-18,674,257,0,0
2025-08-18,675,252,0,0
2025-08-18,676,85,0,0
2025-08-18,677,82,0,0
2025-08-18,678,238,0,0
2025-08-18,682,139,0,0
2025-08-18,683,183,0,0
2025-08-18,684,83,0,0
2025-08-18,685,100,0,0
2025-08-18,687,118,0,0
2025-08-18,688,124,0,0
2025-08-18,700,210,0,0
2025-08-18,701,159,0,0
2025-08-18,702,216,0,0
2025-08-18,703,88,0,0
2025-08-18,714,1,0,0
2025-08-18,715,24,0,0
2025-08-18,716,74,0,0
2025-08-18,718,207,0,0
2025-08-18,725,28,0,0
2025-08-18,739,202,0,0
2025-08-18,740,87,0,0
2025-08-18,756,328,0,0
2025-08-18,757,206,0,0
2025-08-18,758,76,0,0
2025-08-18,760,15,0,0
2025-08-18,761,73,73,10360
2025-08-18,766,1,0,0
2025-08-18,772,8,0,0
2025-08-18,785,1,1,120
2025-08-18,790,27,0,0
2025-08-18,794,263,0,0
2025-08-18,795,240,0,0
2025-08-18,796,31,0,0
2025-08-18,797,37,0,0
2025-08-18,798,229,0,0
2025-08-18,799,242,0,0
2025-08-18,801,416,0,0
2025-08-18,804,82,0,0
2025-08-18,805,218,0,0
2025-08-18,806,215,0,0
2025-08-18,807,201,0,0
2025-08-18,808,169,0,0
2025-08-18,809,1,1,120
2025-08-18,812,239,0,0
2025-08-18,817,25,0,0
2025-08-18,818,1,0,0
2025-08-18,824,329,0,0
2025-08-18,825,192,0,0
2025-08-18,826,174,0,0
2025-08-18,827,152,0,0
2025-08-18,828,108,0,0
2025-08-18,844,127,0,0
2025-08-18,845,353,0,0
2025-08-18,848,401,0,0
2025-08-18,849,312,0,0
2025-08-18,850,194,0,0
2025-08-18,851,214,0,0
2025-08-18,854,5,0,0
2025-08-18,980,10,0,0
2025-08-18,990,40,0,0
2025-08-18,997,35,0,0
2025-08-18,1010,31,0,0
2025-08-18,1012,14,0,0
2025-08-18,1013,44,0,0
2025-08-18,1019,1,0,0
2025-08-18,1020,478,0,0
2025-08-18,1021,286,0,0
2025-08-18,1022,298,0,0
2025-08-18,1025,23,0,0
2025-08-18,1026,17,0,0
2025-08-18,1027,15,0,0
2025-08-18,1029,120,0,0
2025-08-18,1030,7,0,0
2025-08-18,1032,65,0,0
2025-08-18,1045,231,0,0
2025-08-18,1046,277,0,0
2025-08-18,1047,354,0,0
2025-08-18,1048,54,0,0
2025-08-19,12,6457,411,56370
2025-08-19,14,1804,308,45530
2025-08-19,18,1,0,0
2025-08-19,22,1280,65,10460
2025-08-19,30,15,0,0
2025-08-19,32,2,0,0
2025-08-19,54,179,8,1490
2025-08-19,56,264,47,10810
2025-08-19,58,17367,16323,3240660
2025-08-19,73,1,0,0
2025-08-19,87,1501,0,0
2025-08-19,108,26,0,0
2025-08-19,246,66,12,1002
2025-08-19,270,632,112,3373
2025-08-19,294,24,24,6190
2025-08-19,303,174,0,0
2025-08-19,324,147,0,0
2025-08-19,337,14,2,240
2025-08-19,340,210,0,0
2025-08-19,341,153,0,0
2025-08-19,342,19712,95,21760
2025-08-19,343,8404,31,7440
2025-08-19,344,4666,5,1200
2025-08-19,356,7,0,0
2025-08-19,371,258,141,1483
2025-08-19,375,5,0,0
2025-08-19,384,20,2,2000
2025-08-19,385,58,3,1340
2025-08-19,389,19,0,0
2025-08-19,396,13583,22,5280
2025-08-19,397,418,8,1920
2025-08-19,398,20,1,150
2025-08-19,409,1,0,0
2025-08-19,442,5,0,0
2025-08-19,458,10,3,540
2025-08-19,480,1,0,0
2025-08-19,482,23,0,0
2025-08-19,492,12,12,121
2025-08-19,496,1117,28,4920
2025-08-19,539,832,159,25820
2025-08-19,540,331,15,2800
2025-08-19,562,396,396,31630
2025-08-19,563,16934,16934,1661420
2025-08-19,564,152,0,0
2025-08-19,578,124,0,0
2025-08-19,579,147,0,0
2025-08-19,582,77,0,0
2025-08-19,583,12,0,0
2025-08-19,621,86,0,0
2025-08-19,634,72,70,799
2025-08-19,637,33,0,0
2025-08-19,638,47,0,0
2025-08-19,639,46,0,0
2025-08-19,643,16,0,0
2025-08-19,645,22,0,0
2025-08-19,646,23,0,0
2025-08-19,651,3,0,0
2025-08-19,654,2,0,0
2025-08-19,655,11,1,120
2025-08-19,667,3703,51,7230
2025-08-19,672,9,0,0
2025-08-19,674,67,0,0
2025-08-19,675,129,0,0
2025-08-19,676,67,0,0
2025-08-19,677,58,0,0
2025-08-19,678,141,0,0
2025-08-19,682,67,0,0
2025-08-19,683,78,0,0
2025-08-19,684,68,0,0
2025-08-19,685,67,0,0
2025-08-19,686,1,0,0
2025-08-19,687,66,0,0
2025-08-19,688,32,0,0
2025-08-19,700,116,0,0
2025-08-19,701,145,0,0
2025-08-19,702,141,0,0
2025-08-19,703,85,0,0
2025-08-19,725,34,0,0
2025-08-19,739,137,0,0
2025-08-19,740,70,0,0
2025-08-19,756,298,0,0
2025-08-19,757,235,0,0
2025-08-19,758,60,0,0
2025-08-19,760,28,0,0
2025-08-19,761,1786,1786,233900
2025-08-19,772,5,0,0
2025-08-19,790,35,1,120
2025-08-19,794,89,0,0
2025-08-19,795,79,0,0
2025-08-19,796,23,0,0
2025-08-19,797,32,0,0
2025-08-19,798,146,0,0
2025-08-19,799,152,0,0
2025-08-19,801,272,0,0
2025-08-19,804,57,0,0
2025-08-19,805,110,0,0
2025-08-19,806,57,0,0
2025-08-19,807,102,0,0
2025-08-19,808,91,0,0
2025-08-19,817,27,1,120
2025-08-19,818,2,0,0
2025-08-19,824,206,0,0
2025-08-19,825,230,0,0
2025-08-19,826,179,0,0
2025-08-19,827,264,0,0
2025-08-19,828,138,0,0
2025-08-19,845,178,0,0
2025-08-19,850,165,0,0
2025-08-19,851,189,0,0
2025-08-19,854,17,0,0
2025-08-19,980,5,0,0
2025-08-19,990,23,0,0
2025-08-19,995,1,0,0
2025-08-19,997,25,0,0
2025-08-19,1010,15,0,0
2025-08-19,1012,4,0,0
2025-08-19,1013,21,0,0
2025-08-19,1020,334,0,0
2025-08-19,1021,134,0,0
2025-08-19,1022,184,0,0
2025-08-19,1025,35,0,0
2025-08-19,1026,20,0,0
2025-08-19,1027,32,0,0
2025-08-19,1029,94,0,0
2025-08-19,1030,4,0,0
2025-08-19,1032,66,0,0
2025-08-19,1045,41,0,0
2025-08-19,1046,184,0,0
2025-08-19,1047,182,0,0
2025-08-19,1048,22,0,0
2025-08-19,1061,1,0,0
2025-08-20,12,12043,301,46320
2025-08-20,14,1231,148,22560
2025-08-20,18,1,0,0
2025-08-20,22,2520,141,21350
2025-08-20,26,5,0,0
2025-08-20,30,62,0,0
2025-08-20,32,3,0,0
2025-08-20,54,190,5,750
2025-08-20,56,181,21,4830
2025-08-20,58,38197,36370,6777950
2025-08-20,87,6363,0,0
2025-08-20,108,40,0,0
2025-08-20,246,73,24,3240
2025-08-20,270,1945,221,6042
2025-08-20,281,6,0,0
2025-08-20,290,1,0,0
2025-08-20,294,20,20,5350
2025-08-20,303,235,0,0
2025-08-20,324,223,0,0
2025-08-20,337,3,0,0
2025-08-20,340,283,0,0
2025-08-20,341,216,0,0
2025-08-20,342,38066,213,49440
2025-08-20,343,11280,39,9360
2025-08-20,344,6507,4,960
2025-08-20,356,2,0,0
2025-08-20,371,257,124,1279
2025-08-20,375,8,0,0
2025-08-20,384,19,4,4000
2025-08-20,385,59,4,4000
2025-08-20,389,20,0,0
2025-08-20,396,18791,22,5280
2025-08-20,397,372,9,2160
2025-08-20,398,23,2,330
2025-08-20,401,1,0,0
2025-08-20,442,3,0,0
2025-08-20,458,11,0,0
2025-08-20,482,18,0,0
2025-08-20,492,1,1,9
2025-08-20,496,1434,22,3240
2025-08-20,539,1542,347,55640
2025-08-20,540,271,14,2760
2025-08-20,562,437,437,36639
2025-08-20,563,16817,16817,1748957
2025-08-20,564,87,0,0
2025-08-20,568,2,0,0
2025-08-20,578,172,0,0
2025-08-20,579,235,0,0
2025-08-20,582,93,0,0
2025-08-20,583,6,0,0
2025-08-20,621,192,0,0
2025-08-20,634,53,45,529
2025-08-20,637,140,0,0
2025-08-20,638,91,0,0
2025-08-20,639,59,0,0
2025-08-20,643,12,0,0
2025-08-20,645,37,0,0
2025-08-20,646,41,0,0
2025-08-20,651,3,0,0
2025-08-20,654,2,0,0
2025-08-20,667,3677,32,4530
2025-08-20,674,114,0,0
2025-08-20,675,155,0,0
2025-08-20,676,220,0,0
2025-08-20,677,142,0,0
2025-08-20,678,297,0,0
2025-08-20,682,126,0,0
2025-08-20,683,150,0,0
2025-08-20,684,113,0,0
2025-08-20,685,142,0,0
2025-08-20,687,56,0,0
2025-08-20,688,71,0,0
2025-08-20,700,132,0,0
2025-08-20,701,255,0,0
2025-08-20,702,158,0,0
2025-08-20,703,68,0,0
2025-08-20,714,2,0,0
2025-08-20,725,116,0,0
2025-08-20,739,154,0,0
2025-08-20,740,70,0,0
2025-08-20,756,377,0,0
2025-08-20,757,296,0,0
2025-08-20,758,95,0,0
2025-08-20,760,71,0,0
2025-08-20,761,1099,1099,166650
2025-08-20,772,13,4,480
2025-08-20,790,34,0,0
2025-08-20,794,152,0,0
2025-08-20,795,143,0,0
2025-08-20,796,87,0,0
2025-08-20,797,74,0,0
2025-08-20,798,157,0,0
2025-08-20,799,178,0,0
2025-08-20,801,277,0,0
2025-08-20,804,61,0,0
2025-08-20,805,168,0,0
2025-08-20,806,232,0,0
2025-08-20,807,150,0,0
2025-08-20,808,189,0,0
2025-08-20,817,25,0,0
2025-08-20,818,4,0,0
2025-08-20,824,243,0,0
2025-08-20,825,52,0,0
2025-08-20,826,82,0,0
2025-08-20,827,81,0,0
2025-08-20,828,61,0,0
2025-08-20,845,246,0,0
2025-08-20,850,167,0,0
2025-08-20,851,207,0,0
2025-08-20,854,22,0,0
2025-08-20,980,6,0,0
2025-08-20,990,47,0,0
2025-08-20,997,61,0,0
2025-08-20,1010,77,0,0
2025-08-20,1012,6,0,0
2025-08-20,1013,14,0,0
2025-08-20,1020,345,0,0
2025-08-20,1021,154,0,0
2025-08-20,1022,120,0,0
2025-08-20,1025,68,0,0
2025-08-20,1026,37,0,0
2025-08-20,1027,40,0,0
2025-08-20,1029,166,0,0
2025-08-20,1030,17,0,0
2025-08-20,1032,149,0,0
2025-08-20,1045,128,0,0
2025-08-20,1046,198,0,0
2025-08-20,1047,226,0,0
2025-08-20,1048,41,0,0
2025-08-20,1061,1,0,0
2025-08-21,12,4156,204,30810
2025-08-21,14,824,98,15240
2025-08-21,18,6,0,0
2025-08-21,22,1990,44,8850
2025-08-21,26,2,0,0
2025-08-21,30,7,0,0
2025-08-21,32,5,0,0
2025-08-21,54,95,4,422
2025-08-21,56,206,32,7360
2025-08-21,58,11106,9437,1752150
2025-08-21,87,4443,0,0
2025-08-21,108,85,0,0
2025-08-21,246,56,0,0
2025-08-21,270,602,80,2924
2025-08-21,294,46,46,15130
2025-08-21,303,355,0,0
2025-08-21,324,344,0,0
2025-08-21,337,11,3,90
2025-08-21,340,399,0,0
2025-08-21,341,383,0,0
2025-08-21,342,17184,170,40800
2025-08-21,343,6081,77,18480
2025-08-21,344,2300,5,1200
2025-08-21,356,3,0,0
2025-08-21,371,228,118,1238
2025-08-21,375,6,0,0
2025-08-21,384,13,3,3000
2025-08-21,385,51,2,1170
2025-08-21,389,20,0,0
2025-08-21,396,6124,0,0
2025-08-21,397,389,6,1440
2025-08-21,398,65,10,1410
2025-08-21,401,2,0,0
2025-08-21,442,3,0,0
2025-08-21,458,42,2,300
2025-08-21,480,2,0,0
2025-08-21,481,1,0,0
2025-08-21,482,52,10,1800
2025-08-21,496,902,10,1560
2025-08-21,539,481,110,17800
2025-08-21,540,232,10,1880
2025-08-21,562,294,294,24996
2025-08-21,563,9506,9506,669314
2025-08-21,564,163,0,0
2025-08-21,578,265,0,0
2025-08-21,579,302,0,0
2025-08-21,582,163,0,0
2025-08-21,583,4,0,0
2025-08-21,621,287,0,0
2025-08-21,634,84,72,816
2025-08-21,637,214,0,0
2025-08-21,638,76,0,0
2025-08-21,639,119,0,0
2025-08-21,643,14,0,0
2025-08-21,645,24,0,0
2025-08-21,646,70,0,0
2025-08-21,654,2,0,0
2025-08-21,655,10,0,0
2025-08-21,667,1248,17,2370
2025-08-21,674,248,0,0
2025-08-21,675,243,0,0
2025-08-21,676,346,0,0
2025-08-21,677,190,0,0
2025-08-21,678,402,0,0
2025-08-21,682,177,0,0
2025-08-21,683,245,0,0
2025-08-21,684,232,0,0
2025-08-21,685,262,0,0
2025-08-21,687,98,0,0
2025-08-21,688,78,0,0
2025-08-21,700,134,0,0
2025-08-21,701,392,0,0
2025-08-21,702,202,0,0
2025-08-21,703,71,0,0
2025-08-21,725,128,0,0
2025-08-21,739,126,0,0
2025-08-21,740,79,0,0
2025-08-21,756,598,0,0
2025-08-21,757,515,0,0
2025-08-21,758,183,0,0
2025-08-21,760,216,0,0
2025-08-21,761,548,548,91850
2025-08-21,772,6,0,0
2025-08-21,790,27,0,0
2025-08-21,794,218,0,0
2025-08-21,795,189,0,0
2025-08-21,796,206,0,0
2025-08-21,797,177,0,0
2025-08-21,798,232,0,0
2025-08-21,799,267,0,0
2025-08-21,801,409,0,0
2025-08-21,804,68,0,0
2025-08-21,805,273,0,0
2025-08-21,806,379,0,0
2025-08-21,807,175,0,0
2025-08-21,808,237,0,0
2025-08-21,817,19,0,0
2025-08-21,818,3,0,0
2025-08-21,824,364,0,0
2025-08-21,845,331,0,0
2025-08-21,850,211,0,0
2025-08-21,851,195,0,0
2025-08-21,854,10,1,120
2025-08-21,980,5,0,0
2025-08-21,990,32,0,0
2025-08-21,997,26,0,0
2025-08-21,1010,25,0,0
2025-08-21,1012,2,0,0
2025-08-21,1013,1,0,0
2025-08-21,1020,456,0,0
2025-08-21,1021,275,0,0
2025-08-21,1022,227,0,0
2025-08-21,1025,116,0,0
2025-08-21,1026,81,0,0
2025-08-21,1027,111,0,0
2025-08-21,1029,236,0,0
2025-08-21,1030,31,0,0
2025-08-21,1032,265,0,0
2025-08-21,1045,189,0,0
2025-08-21,1046,320,0,0
2025-08-21,1047,341,0,0
2025-08-21,1048,83,0,0
2025-08-22,12,5460,123,18360
2025-08-22,14,920,74,11690
2025-08-22,18,3,0,0
2025-08-22,22,1366,133,20480
2025-08-22,26,3,0,0
2025-08-22,30,18,0,0
2025-08-22,32,2,0,0
2025-08-22,54,149,2,240
2025-08-22,56,199,25,5750
2025-08-22,58,11138,9506,1905650
2025-08-22,87,7079,0,0
2025-08-22,108,24,0,0
2025-08-22,246,54,12,1440
2025-08-22,270,1638,133,9450
2025-08-22,281,6,0,0
2025-08-22,290,4,0,0
2025-08-22,294,39,39,12910
2025-08-22,303,774,0,0
2025-08-22,324,880,0,0
2025-08-22,337,4,1,30
2025-08-22,340,909,0,0
2025-08-22,341,916,0,0
2025-08-22,342,11522,175,41760
2025-08-22,343,8360,42,10080
2025-08-22,344,3485,9,2160
2025-08-22,356,3,0,0
2025-08-22,371,255,133,1418
2025-08-22,375,5,0,0
2025-08-22,384,19,5,5000
2025-08-22,385,60,3,2170
2025-08-22,389,20,0,0
2025-08-22,396,11063,0,0
2025-08-22,397,325,7,1680
2025-08-22,398,54,11,1640
2025-08-22,401,1,0,0
2025-08-22,442,5,0,0
2025-08-22,458,35,5,780
2025-08-22,480,1,0,0
2025-08-22,482,79,0,0
2025-08-22,496,711,20,3320
2025-08-22,539,683,243,39260
2025-08-22,540,213,12,2240
2025-08-22,562,462,462,28647
2025-08-22,563,10433,10433,702337
2025-08-22,564,192,0,0
2025-08-22,578,226,0,0
2025-08-22,579,332,0,0
2025-08-22,582,137,0,0
2025-08-22,583,7,0,0
2025-08-22,621,194,0,0
2025-08-22,634,84,77,828
2025-08-22,637,318,0,0
2025-08-22,638,107,0,0
2025-08-22,639,113,0,0
2025-08-22,643,7,0,0
2025-08-22,645,19,0,0
2025-08-22,646,62,0,0
2025-08-22,651,2,0,0
2025-08-22,652,1,0,0
2025-08-22,654,1,0,0
2025-08-22,655,5,2,300
2025-08-22,667,1333,40,5880
2025-08-22,674,232,0,0
2025-08-22,675,281,0,0
2025-08-22,676,248,0,0
2025-08-22,677,231,0,0
2025-08-22,678,460,0,0
2025-08-22,682,203,0,0
2025-08-22,683,280,0,0
2025-08-22,684,241,0,0
2025-08-22,685,263,0,0
2025-08-22,687,129,0,0
2025-08-22,688,173,0,0
2025-08-22,700,267,0,0
2025-08-22,701,300,0,0
2025-08-22,702,338,0,0
2025-08-22,703,146,0,0
2025-08-22,714,1,0,0
2025-08-22,725,195,0,0
2025-08-22,739,280,0,0
2025-08-22,740,147,0,0
2025-08-22,756,612,0,0
2025-08-22,757,540,0,0
2025-08-22,758,205,0,0
2025-08-22,760,180,0,0
2025-08-22,761,525,525,85850
2025-08-22,785,6,0,0
2025-08-22,786,6,0,0
2025-08-22,790,29,0,0
2025-08-22,794,502,0,0
2025-08-22,795,535,0,0
2025-08-22,796,189,0,0
2025-08-22,797,191,0,0
2025-08-22,798,263,0,0
2025-08-22,799,252,0,0
2025-08-22,801,456,0,0
2025-08-22,804,98,0,0
2025-08-22,805,333,0,0
2025-08-22,806,407,0,0
2025-08-22,807,261,0,0
2025-08-22,808,335,0,0
2025-08-22,817,27,0,0
2025-08-22,818,3,0,0
2025-08-22,824,400,0,0
2025-08-22,845,461,0,0
2025-08-22,850,436,0,0
2025-08-22,851,340,0,0
2025-08-22,854,14,0,0
2025-08-22,980,23,0,0
2025-08-22,990,1,0,0
2025-08-22,997,5,0,0
2025-08-22,1020,492,0,0
2025-08-22,1021,202,0,0
2025-08-22,1022,211,0,0
2025-08-22,1025,107,0,0
2025-08-22,1026,67,0,0
2025-08-22,1027,74,0,0
2025-08-22,1029,243,0,0
2025-08-22,1030,24,0,0
2025-08-22,1032,198,0,0
2025-08-22,1045,180,0,0
2025-08-22,1046,302,0,0
2025-08-22,1047,353,0,0
2025-08-22,1048,82,0,0
2025-08-23,12,1338,22,3480
2025-08-23,14,540,48,7410
2025-08-23,18,2,0,0
2025-08-23,22,838,58,9120
2025-08-23,26,7,0,0
2025-08-23,30,64,0,0
2025-08-23,54,112,0,0
2025-08-23,56,216,31,7130
2025-08-23,58,2122,1434,316850
2025-08-23,87,1770,1,150
2025-08-23,108,36,0,0
2025-08-23,246,29,6,720
2025-08-23,270,650,60,2694
2025-08-23,281,1,0,0
2025-08-23,294,39,39,9620
2025-08-23,303,852,0,0
2025-08-23,324,999,0,0
2025-08-23,337,8,1,30
2025-08-23,340,1076,0,0
2025-08-23,341,1024,0,0
2025-08-23,342,6480,149,35680
2025-08-23,343,3626,51,12240
2025-08-23,344,1449,7,1680
2025-08-23,356,8,0,0
2025-08-23,371,241,146,1577
2025-08-23,375,9,0,0
2025-08-23,384,18,6,6000
2025-08-23,385,9,4,4000
2025-08-23,389,24,0,0
2025-08-23,396,2051,0,0
2025-08-23,397,381,6,1440
2025-08-23,398,18,6,1510
2025-08-23,409,2,0,0
2025-08-23,458,16,5,900
2025-08-23,482,118,10,1800
2025-08-23,496,1154,21,3540
2025-08-23,539,314,111,17980
2025-08-23,540,133,6,1120
2025-08-23,562,276,276,21578
2025-08-23,563,6590,6590,284903
2025-08-23,564,217,0,0
2025-08-23,578,342,0,0
2025-08-23,579,462,0,0
2025-08-23,582,164,0,0
2025-08-23,583,11,0,0
2025-08-23,621,256,0,0
2025-08-23,634,40,38,397
2025-08-23,637,404,0,0
2025-08-23,638,134,0,0
2025-08-23,639,157,0,0
2025-08-23,643,8,1,120
2025-08-23,645,21,1,200
2025-08-23,646,155,0,0
2025-08-23,651,1,0,0
2025-08-23,652,1,0,0
2025-08-23,654,2,0,0
2025-08-23,655,6,1,180
2025-08-23,667,390,4,660
2025-08-23,674,352,0,0
2025-08-23,675,379,0,0
2025-08-23,676,330,0,0
2025-08-23,677,257,0,0
2025-08-23,678,472,0,0
2025-08-23,682,273,0,0
2025-08-23,683,367,0,0
2025-08-23,684,241,0,0
2025-08-23,685,282,0,0
2025-08-23,687,157,0,0
2025-08-23,688,163,0,0
2025-08-23,700,236,0,0
2025-08-23,701,251,0,0
2025-08-23,702,321,0,0
2025-08-23,703,174,0,0
2025-08-23,714,1,0,0
2025-08-23,725,279,0,0
2025-08-23,739,307,0,0
2025-08-23,740,155,0,0
2025-08-23,756,580,0,0
2025-08-23,757,516,0,0
2025-08-23,758,221,0,0
2025-08-23,760,215,0,0
2025-08-23,761,246,246,47170
2025-08-23,766,1,0,0
2025-08-23,772,9,1,140
2025-08-23,790,19,0,0
2025-08-23,794,635,0,0
2025-08-23,795,657,0,0
2025-08-23,796,199,0,0
2025-08-23,797,212,0,0
2025-08-23,798,294,0,0
2025-08-23,799,277,0,0
2025-08-23,801,567,0,0
2025-08-23,804,125,0,0
2025-08-23,805,466,0,0
2025-08-23,806,656,0,0
2025-08-23,807,393,0,0
2025-08-23,808,442,0,0
2025-08-23,817,22,0,0
2025-08-23,818,2,0,0
2025-08-23,824,407,0,0
2025-08-23,845,559,0,0
2025-08-23,850,385,0,0
2025-08-23,851,362,0,0
2025-08-23,854,3,0,0
2025-08-23,980,5,0,0
2025-08-23,990,5,0,0
2025-08-23,997,1,0,0
2025-08-23,1010,2,0,0
2025-08-23,1013,1,0,0
2025-08-23,1020,570,0,0
2025-08-23,1021,233,0,0
2025-08-23,1022,275,0,0
2025-08-23,1025,136,0,0
2025-08-23,1026,80,0,0
2025-08-23,1027,101,0,0
2025-08-23,1029,258,0,0
2025-08-23,1030,34,0,0
2025-08-23,1032,168,0,0
2025-08-23,1045,272,0,0
2025-08-23,1046,354,0,0
2025-08-23,1047,355,0,0
2025-08-23,1048,113,0,0
2025-08-24,12,22,6,1080
2025-08-24,14,256,27,4740
2025-08-24,18,2,0,0
2025-08-24,22,545,36,5700
2025-08-24,26,2,0,0
2025-08-24,30,3,0,0
2025-08-24,32,3,0,0
2025-08-24,54,125,0,0
2025-08-24,56,190,40,9200
2025-08-24,58,40,5,5300
2025-08-24,87,1,0,0
2025-08-24,108,26,0,0
2025-08-24,246,36,0,0
2025-08-24,270,509,99,908
2025-08-24,281,4,0,0
2025-08-24,294,40,40,15190
2025-08-24,303,909,0,0
2025-08-24,324,939,0,0
2025-08-24,337,5,0,0
2025-08-24,340,969,0,0
2025-08-24,341,998,0,0
2025-08-24,342,428,66,15840
2025-08-24,343,561,70,16800
2025-08-24,344,98,10,2400
2025-08-24,356,6,0,0
2025-08-24,371,359,217,2428
2025-08-24,375,1,0,0
2025-08-24,384,12,1,1000
2025-08-24,385,9,2,2000
2025-08-24,389,24,0,0
2025-08-24,396,28,0,0
2025-08-24,397,386,7,1680
2025-08-24,398,15,2,380
2025-08-24,401,1,0,0
2025-08-24,442,3,0,0
2025-08-24,458,9,3,540
2025-08-24,480,2,0,0
2025-08-24,482,111,0,0
2025-08-24,492,7,6,63
2025-08-24,496,929,11,1980
2025-08-24,539,149,10,1800
2025-08-24,540,129,16,3000
2025-08-24,562,332,332,22089
2025-08-24,563,6674,6674,231280
2025-08-24,564,226,0,0
2025-08-24,578,227,0,0
2025-08-24,579,306,0,0
2025-08-24,582,126,0,0
2025-08-24,583,4,0,0
2025-08-24,621,294,0,0
2025-08-24,634,65,54,586
2025-08-24,637,151,0,0
2025-08-24,638,154,0,0
2025-08-24,639,86,0,0
2025-08-24,643,7,0,0
2025-08-24,645,25,0,0
2025-08-24,646,82,0,0
2025-08-24,654,4,0,0
2025-08-24,655,7,1,120
2025-08-24,667,248,8,1200
2025-08-24,674,258,0,0
2025-08-24,675,286,0,0
2025-08-24,676,310,0,0
2025-08-24,677,187,0,0
2025-08-24,678,358,0,0
2025-08-24,682,159,0,0
2025-08-24,683,199,0,0
2025-08-24,684,226,0,0
2025-08-24,685,283,0,0
2025-08-24,687,100,0,0
2025-08-24,688,159,0,0
2025-08-24,700,184,0,0
2025-08-24,701,272,0,0
2025-08-24,702,249,0,0
2025-08-24,703,143,0,0
2025-08-24,725,174,0,0
2025-08-24,739,234,0,0
2025-08-24,740,140,0,0
2025-08-24,756,483,0,0
2025-08-24,757,417,0,0
2025-08-24,758,186,0,0
2025-08-24,760,222,0,0
2025-08-24,761,282,282,43850
2025-08-24,772,3,1,120
2025-08-24,790,18,0,0
2025-08-24,794,555,0,0
2025-08-24,795,582,0,0
2025-08-24,796,224,0,0
2025-08-24,797,159,0,0
2025-08-24,798,215,0,0
2025-08-24,799,224,0,0
2025-08-24,801,366,0,0
2025-08-24,804,98,0,0
2025-08-24,805,280,0,0
2025-08-24,806,252,0,0
2025-08-24,807,319,0,0
2025-08-24,808,252,0,0
2025-08-24,817,44,0,0
2025-08-24,818,1,0,0
2025-08-24,824,464,0,0
2025-08-24,845,543,0,0
2025-08-24,850,378,0,0
2025-08-24,851,416,0,0
2025-08-24,854,7,0,0
2025-08-24,980,7,0,0
2025-08-24,990,3,0,0
2025-08-24,997,6,0,0
2025-08-24,1012,3,0,0
2025-08-24,1013,3,0,0
2025-08-24,1020,585,0,0
2025-08-24,1021,275,0,0
2025-08-24,1022,327,0,0
2025-08-24,1025,164,0,0
2025-08-24,1026,96,0,0
2025-08-24,1027,77,0,0
2025-08-24,1029,262,0,0
2025-08-24,1030,38,0,0
2025-08-24,1032,196,0,0
2025-08-24,1045,181,0,0
2025-08-24,1046,379,0,0
2025-08-24,1047,424,0,0
2025-08-24,1048,124,0,0
2025-08-25,12,11,6,1080
2025-08-25,14,169,25,3930
2025-08-25,18,2,0,0
2025-08-25,22,561,34,5400
2025-08-25,26,8,0,0
2025-08-25,30,7,0,0
2025-08-25,32,1,0,0
2025-08-25,54,46,0,0
2025-08-25,56,55,5,1150
2025-08-25,58,11,4,5200
2025-08-25,108,26,0,0
2025-08-25,246,24,4,420
2025-08-25,270,535,69,955
2025-08-25,281,1,0,0
2025-08-25,291,1,0,0
2025-08-25,294,38,38,10900
2025-08-25,303,432,0,0
2025-08-25,324,416,0,0
2025-08-25,337,1,0,0
2025-08-25,340,465,0,0
2025-08-25,341,461,0,0
2025-08-25,342,120,16,3840
2025-08-25,343,243,28,6720
2025-08-25,344,37,2,480
2025-08-25,356,1,0,0
2025-08-25,371,176,104,1290
2025-08-25,375,5,0,0
2025-08-25,384,3,1,1000
2025-08-25,385,3,1,1000
2025-08-25,389,23,0,0
2025-08-25,396,17,0,0
2025-08-25,397,97,1,240
2025-08-25,398,5,1,180
2025-08-25,442,6,0,0
2025-08-25,458,3,1,180
2025-08-25,480,3,0,0
2025-08-25,482,25,0,0
2025-08-25,492,7,7,70
2025-08-25,496,703,18,3000
2025-08-25,539,130,12,2160
2025-08-25,540,76,3,560
2025-08-25,562,147,147,12777
2025-08-25,563,3785,3785,176948
2025-08-25,564,215,0,0
2025-08-25,578,53,0,0
2025-08-25,579,118,0,0
2025-08-25,582,49,0,0
2025-08-25,583,1,0,0
2025-08-25,621,43,0,0
2025-08-25,634,22,20,214
2025-08-25,637,135,0,0
2025-08-25,638,99,0,0
2025-08-25,639,51,0,0
2025-08-25,643,11,0,0
2025-08-25,645,28,0,0
2025-08-25,646,40,0,0
2025-08-25,654,1,0,0
2025-08-25,655,7,0,0
2025-08-25,667,235,0,0
2025-08-25,674,50,0,0
2025-08-25,675,85,0,0
2025-08-25,676,213,0,0
2025-08-25,677,98,0,0
2025-08-25,678,241,0,0
2025-08-25,682,42,0,0
2025-08-25,683,74,0,0
2025-08-25,684,165,0,0
2025-08-25,685,183,0,0
2025-08-25,687,41,0,0
2025-08-25,688,60,0,0
2025-08-25,700,126,0,0
2025-08-25,701,174,0,0
2025-08-25,702,118,0,0
2025-08-25,703,61,0,0
2025-08-25,725,132,0,0
2025-08-25,739,117,0,0
2025-08-25,740,61,0,0
2025-08-25,756,246,0,0
2025-08-25,757,287,0,0
2025-08-25,758,123,0,0
2025-08-25,760,107,0,0
2025-08-25,761,199,199,28450
2025-08-25,772,6,2,240
2025-08-25,785,2,0,0
2025-08-25,786,1,0,0
2025-08-25,787,1,0,0
2025-08-25,790,7,0,0
2025-08-25,794,253,0,0
2025-08-25,795,294,0,0
2025-08-25,796,108,0,0
2025-08-25,797,110,0,0
2025-08-25,798,122,0,0
2025-08-25,799,122,0,0
2025-08-25,801,172,0,0
2025-08-25,804,29,0,0
2025-08-25,805,149,0,0
2025-08-25,806,82,0,0
2025-08-25,807,162,0,0
2025-08-25,808,176,0,0
2025-08-25,817,21,1,120
2025-08-25,824,262,0,0
2025-08-25,845,282,0,0
2025-08-25,850,207,0,0
2025-08-25,851,207,0,0
2025-08-25,854,5,0,0
2025-08-25,980,4,0,0
2025-08-25,990,6,0,0
2025-08-25,997,4,0,0
2025-08-25,1010,2,0,0
2025-08-25,1012,3,0,0
2025-08-25,1013,1,0,0
2025-08-25,1020,286,0,0
2025-08-25,1021,135,0,0
2025-08-25,1022,164,0,0
2025-08-25,1025,73,0,0
2025-08-25,1026,37,0,0
2025-08-25,1027,64,0,0
2025-08-25,1029,164,0,0
2025-08-25,1030,21,0,0
2025-08-25,1032,155,0,0
2025-08-25,1045,79,0,0
2025-08-25,1046,193,0,0
2025-08-25,1047,183,0,0
2025-08-25,1048,37,0,0
